,Ligand SMILES,IC50 (nM)
7,[Na+].CC(C)c1c(\C=C\[C@H](O)C[C@@H](O)CC([O-])=O)c(cn1C1CCCCC1)-c1ccc(F)cc1, 0.106
8,CC(C)n1c(CC[C@@H](O)C[C@@H](O)CC([O-])=O)c(c(c1C(=O)NCc1ccc(cc1)C#N)-c1ccccc1)-c1ccc(F)cc1, 0.2
10,CC(C)n1c(CC[C@@H](O)C[C@@H](O)CC([O-])=O)c(c(c1C(=O)Nc1cccc(c1)C(=O)N(C)C)-c1ccc(F)cc1)-c1ccc(F)cc1, 0.3
11,CC(C)n1c(CC[C@@H](O)C[C@@H](O)CC([O-])=O)c(c2CCCN(c3ccccc3)C(=O)c12)-c1ccc(F)cc1, 0.3
12,COC(=O)C[C@H](O)C[C@H](O)\C=C\n1c(C(C)C)c(Br)c(c1-c1ccc(F)cc1)-c1ccc(F)cc1, 0.300000
13,CC(C)n1c(CC[C@@H](O)C[C@@H](O)CC([O-])=O)c(c(c1C(=O)Nc1ccc(cc1)C(O)=O)-c1ccccc1)-c1ccc(F)cc1, 0.3
14,CC(C)n1c(CC[C@@H](O)C[C@@H](O)CC([O-])=O)c(c(c1C(=O)Nc1ccc(cc1)C(N)=O)-c1ccccc1)-c1ccc(F)cc1, 0.3
15,CC(C)n1c(CC[C@@H](O)C[C@@H](O)CC([O-])=O)c(c(c1C(=O)Nc1ccc(O)cc1)-c1ccccc1)-c1ccc(F)cc1, 0.4
16,CC(C)c1nc(nc(-c2ccc(F)cc2)c1\C=C\[C@@H](O)C[C@@H](O)CC(O)=O)N(C)c1nnnn1C, 0.5
17,COC(=O)C[C@H](O)C[C@H](O)\C=C\n1c(cc(c1-c1ccc(F)cc1)-c1cccc(Br)c1)C(C)C, 0.500000
20,CC(C)n1c(CC[C@@H](O)C[C@@H](O)CC([O-])=O)c(c(c1C(=O)NCc1cc(C)n(C)n1)-c1ccccc1)-c1ccc(F)cc1, 0.6
21,CC(C)n1c(CC[C@@H](O)C[C@@H](O)CC([O-])=O)c(c(c1C(=O)Nc1cccc(O)c1)-c1ccc(F)cc1)-c1ccc(F)cc1, 0.7
22,COCc1ccc(CNC(=O)c2c(c(c(CC[C@@H](O)C[C@@H](O)CC([O-])=O)n2C(C)C)-c2ccc(F)cc2)-c2ccccc2)cc1, 0.7
23,CC(C)n1c(CC[C@@H](O)C[C@@H](O)CC([O-])=O)c(c(c1C(=O)NCc1ccccn1)-c1ccccc1)-c1ccc(F)cc1, 0.8
24,CC(C)n1c(CC[C@@H](O)C[C@@H](O)CC([O-])=O)c(c(c1C(=O)NCc1ccccc1)-c1ccccc1)-c1ccc(F)cc1, 0.8
25,COc1ccc(CNC(=O)c2c(c(c(CC[C@@H](O)C[C@@H](O)CC([O-])=O)n2C(C)C)-c2ccc(F)cc2)-c2ccccc2)cc1, 0.8
26,CCn1c(CC[C@@H](O)C[C@@H](O)CC([O-])=O)c(c(C)c1C(=O)NCc1ccc(cc1)C([O-])=O)-c1ccc(F)cc1, 0.85
27,CC(C)c1nc(Nc2nnnn2C)nc(-c2ccc(F)cc2)c1\C=C\[C@@H](O)C[C@@H](O)CC(O)=O, 0.9
30,CC(C)c1nc(Nc2cc(nn2C)C(O)=O)nc(-c2ccc(F)cc2)c1\C=C\[C@@H](O)C[C@@H](O)CC(O)=O, 0.9
36,CC(C)c1nc(nc(-c2ccc(F)cc2)c1\C=C\[C@@H]1C[C@@H](O)CC(Oc2c(F)cc(F)cc2F)O1)N(C)S(C)(=O)=O, 1
37,CC[C@H](C)C(=O)O[C@H]1C[C@@H](C)C[C@@H]2C=C[C@H](C)[C@H](CCC(=O)C[C@@H](O)CC(O)=O)C12, 1
38,CC(C)c1nc(nc(-c2ccc(F)cc2)c1\C=C\[C@@H]1C[C@@H](O)CC(=O)O1)C1CCCCC1, 1
41,CC(C)c1nc(nc(-c2ccc(F)cc2)c1\C=C\[C@@H]1C[C@@H](O)CC(=O)O1)-c1ccc(F)cc1, 1.000
47,CC(C)c1c(C(=O)Nc2ccccc2)c(c(-c2ccc(F)cc2)n1CC[C@@H]1C[C@H](CC(OCC=C)O1)OCc1ccccc1)-c1ccccc1, 1
49,[Na+].CC(C)c1nc(cc(-c2ccc(F)cc2)c1\C=C\[C@@H](O)C[C@@H](O)CC([O-])=O)C(C)(C)C, 1
50,COc1ccccc1CNC(=O)c1nn(c(OC[C@@H](O)C[C@@H](O)CC(O)=O)c1C(C)C)-c1ccc(F)cc1, 22
51,COC1C[C@@H](C[C@H](O1)\C=C\c1c(nc(nc1-c1ccc(F)cc1)N(C)S(C)(=O)=O)C(C)C)OCc1ccccc1, 22
57,Cn1nnnc1C(\C=C\[C@@H]1C[C@@H](O)CC(=O)O1)=C(c1ccc(F)cc1)c1ccc(F)cc1, 24
60,Cc1cc(C)cc(c1)-c1nc(n(CC[C@@H](O)C[C@@H](O)CC([O-])=O)c1-c1ccc(F)cc1)C(F)(F)F, 24
66,CC(C)c1c(CC[C@@H](O)C[C@@H](O)CC([O-])=O)n(nc1C(=O)NCc1ccc(cc1)C(=O)N(C)C)-c1ccc(F)cc1, 25
68,O[C@@H]1C[C@H](OC(=O)C1)\C=C\c1c(Cl)cc(Cl)cc1-c1ccc(Cl)c(Cl)c1, 25
69,CC(C)c1nc2ccc(Cl)cc2c(-c2ccc(F)cc2)c1\C=C\[C@@H]1C[C@@H](O)CC(=O)O1, 25
71,CC(C)c1c(OC[C@@H](O)C[C@@H](O)CC(O)=O)n(nc1C(=O)NCc1ccccn1)-c1ccc(F)cc1, 25
72,COC(=O)C[C@H](O)C[C@H](O)\C=C\n1c(cc(c1-c1ccccc1)-c1ccc(F)cc1)C(C)C, 25
73,[Na+].CC(C)c1c(Br)c(Br)c(-c2ccc(F)cc2)n1CC[C@@H](O)C[C@@H](O)CC([O-])=O, 26
74,CC(C)c1sc(c(c1\C=C\[C@@H](O)C[C@@H](O)CC([O-])=O)-c1ccccc1)-c1ccccc1, 26
76,CCCc1c(nc(-c2ccc(F)cc2)n1CC[C@@H](O)C[C@@H](O)CC([O-])=O)C(=O)NCc1ccccc1, 26
77,CC(C)c1sc(C(C)C)c(c1\C=C\[C@@H](O)C[C@@H](O)CC([O-])=O)-c1ccc(F)cc1, 26
78,OC(COc1c(Cl)cc(Cl)cc1CC1CCCCC1)C[C@@H](O)CC([O-])=O, 27
80,C[C@@H]1C[C@H](OCc2ccccc2)[C@@H]2[C@@H](CCC3C[C@@H](O)CC(=O)O3)[C@@H](C)C=CC2=C1, 27
82,C[C@@H]1C[C@H](OC(=O)C=C(C)C)C2[C@@H](CC[C@@H]3C[C@@H](O)CC(=O)O3)[C@@H](C)C=CC2=C1, 27
83,CNS(=O)(=O)c1c(C(C)C)n(CC[C@@H](O)C[C@@H](O)CC([O-])=O)c(c1-c1ccc(F)cc1)-c1ccc(F)cc1, 27
85,Cc1ccc(CC2CCCc3c2nn(c3\C=C\[C@@H](O)C[C@@H](O)CC([O-])=O)-c2ccc(F)cc2)cc1, 28
86,O[C@H](C[C@H](O)\C=C\c1c2CCCC(Cc3cccc4ccccc34)c2nn1-c1ccc(F)cc1)CC([O-])=O, 28
88,COc1ccc(CC2CCCc3c2nn(c3\C=C\[C@@H](O)C[C@@H](O)CC([O-])=O)-c2ccc(F)cc2)cc1, 28
89,CC(C)c1c(Cl)c(Cl)c(-c2ccc(F)cc2)n1CC[C@@H]1C[C@@H](O)CC(=O)O1, 28
90,CC(C)c1c(Br)c(Br)c(-c2ccc(F)cc2)n1CC[C@@H]1C[C@@H](O)CC(=O)O1, 28
92,Cc1cc(F)ccc1C(=C(\C=C\[C@@H](O)C[C@@H](O)CC([O-])=O)c1nnnn1C)c1ccc(F)cc1C, 29
93,Cc1cc(ccc1F)-c1cc(Cl)cc(Cl)c1\C=C\[C@@H]1C[C@@H](O)CC(=O)O1, 29
95,Cc1cccc(c1)-c1nc(n(CC[C@@H](O)C[C@@H](O)CC([O-])=O)c1-c1ccc(F)cc1)C(F)(F)F, 29
100,CC(C)c1cc(SC(C)(C)Sc2cc(C(C)C)c(OCC(O)C[C@@H](O)CC([O-])=O)c(c2)-c2ccc(F)cc2)cc(c1[O-])-c1ccc(F)cc1, 30
103,CCn1c(CC[C@@H](O)C[C@@H](O)CC([O-])=O)c(c(C)c1C(N)=O)-c1ccc(F)cc1, 30
104,CC[C@H](C)C(=O)O[C@H]1C[C@H](C[C@@H]2C=C[C@H](C)[C@H](CC[C@@H]3C[C@@H](O)CC(=O)O3)[C@@H]12)\C=C/C, 30
105,Cc1cc(ccc1F)-c1cccc(Cl)c1\C=C\[C@@H]1C[C@@H](O)CC(=O)O1, 30
107,O[C@@H]1C[C@H](OC(=O)C1)\C=C\c1c(nc(cc1-c1ccc(F)cc1)-c1ccccc1)C1CCCCC1, 30
109,CC[C@H](C)C(=O)O[C@H]1C[C@@H](C)C[C@@H]2C=C[C@H](C)[C@H](CC[C@@H]3C[C@@H](O)CC(=O)O3)[C@@H]12, 30
110,Cc1cc(cc(C)c1F)-c1c(nc(n1CC[C@@H](O)C[C@@H](O)CC([O-])=O)C(F)(F)F)-c1ccc(F)cc1, 31
111,O[C@H](CCn1c(nc(c1-c1ccc(F)cc1)-c1ccccc1)C(F)(F)F)C[C@@H](O)CC([O-])=O, 31
112,CC(C)c1c(OC[C@@H](O)C[C@@H](O)CC(O)=O)n(nc1C(=O)N(C)Cc1cccc(c1)C(F)(F)F)-c1ccc(F)cc1, 31
113,COCc1cccc(CNC(=O)c2nn(c(OC[C@@H](O)C[C@@H](O)CC(O)=O)c2C(C)C)-c2ccc(F)cc2)c1, 31
118,CC(C)c1nn(c(c1CC[C@H]1C[C@H](O)CC(=O)O1)-c1ccc(F)cc1)-c1ccc(F)cc1, 32
119,O[C@@H]1CC(CCc2c(Cl)cc(Cl)c3ccc(Cl)cc23)OC(=O)C1, 32
120,CC[C@H](C)C(=O)O[C@H]1CCC=C2C=C[C@H](C)[C@H](CCC(=O)C[C@@H](O)CC(O)=O)C12, 32
121,CC(C)c1nc2ccccc2c(-c2ccc(F)cc2)c1\C=C\[C@@H]1C[C@@H](O)CC(=O)O1, 32
122,Cc1cc(cc(C)c1F)-c1nc(n(CC[C@@H](O)C[C@@H](O)CC([O-])=O)c1-c1ccc(F)cc1)C(F)(F)F, 32
123,CC(C)c1nc(nc(-c2ccc(F)cc2)c1\C=C\[C@@H](O)C[C@@H](O)CC(O)=O)N(c1ccon1)S(C)(=O)=O, 33
124,O[C@@H]1CC(CCc2c(Cl)cc(Cl)c3cc(Cl)ccc23)OC(=O)C1, 33
125,CCC(C)(C)C(=O)O[C@H]1C[C@@H](C)C(=O)[C@@H]2CC[C@H](C)[C@H](CC[C@@H]3C[C@@H](O)CC(=O)O3)C12, 34
126,Cc1c(CCC(O)C[C@@H](O)CC([O-])=O)c(cn1-c1ccccc1)-c1ccc(F)cc1, 35
127,CC(C)c1nn(c(c1CC[C@H]1C[C@H](O)CC(=O)O1)-c1ccc(F)cc1)-c1ccccc1, 35
128,CCC(C)(C)C(=O)O[C@H]1CC(C)(C)O[C@@H]2CC[C@H](C)[C@H](CC[C@@H]3C[C@@H](O)CC(=O)O3)C12, 35
129,COc1cccc(CC2CCCc3c2nn(c3\C=C\[C@@H](O)C[C@@H](O)CC([O-])=O)-c2ccc(F)cc2)c1, 35
131,Cc1cc(F)ccc1-c1cc(Cl)cc(Cl)c1\C=C\[C@@H]1C[C@@H](O)CC(=O)O1, 36
132,CC(C)c1nc(cc(-c2ccc(cc2)C(F)(F)F)c1\C=C\[C@@H]1C[C@@H](O)CC(=O)O1)-c1ccccc1, 36
133,O[C@@H]1C[C@H](OC(=O)C1)\C=C\c1c(Cl)cc(Cl)cc1-c1ccc(Cl)cc1, 36
135,C[C@@H]1C[C@H](OC(=O)Nc2ccc(cc2)C#C)[C@@H]2[C@@H](CC[C@@H]3C[C@H](CC(=O)O3)O[Si](C)(C)C(C)(C)C)[C@@H](C)C=CC2=C1, 36.5
138,C[C@@H]1C[C@H](OC(=O)c2ccc(F)cc2)C2[C@@H](CC[C@@H]3C[C@@H](O)CC(=O)O3)[C@@H](C)C=CC2=C1, 37
139,CC(C)c1c(OC[C@@H](O)C[C@@H](O)CC(O)=O)n(nc1C(=O)N(C)Cc1cccc(C)c1)-c1ccc(F)cc1, 37
140,O[C@@H]1C[C@H](OC(=O)C1)\C=C\c1c(Cl)cc(Cl)cc1-c1cc(Cl)cc(Cl)c1, 37
141,CC(C)c1c(OC[C@@H](O)C[C@@H](O)CC(O)=O)n(nc1C(=O)N(C)Cc1ccc(C)cc1)-c1ccc(F)cc1, 37
142,CC(C)n1c(CC[C@@H](O)C[C@@H](O)CC([O-])=O)c(-c2ccc(F)cc2)c2c1c(=O)n(Cc1cccc(F)c1)c1ccccc21, 37.4
143,[Na+].Cc1cc(nc(-c2ccc(F)cc2)c1\C=C\[C@@H](O)C[C@@H](O)CC([O-])=O)-c1ccccc1, 38
145,O[C@H](CCn1c(nc(c1-c1ccc(F)cc1)-c1ccc(F)cc1)C(F)(F)F)C[C@@H](O)CC([O-])=O, 38
146,Cc1cc(C)cc(c1)-c1c(nc(n1CC[C@@H](O)C[C@@H](O)CC([O-])=O)C(F)(F)F)-c1ccc(F)cc1, 38
148,COc1ccc(cc1)-n1nc(C(C)C)c(CC[C@H]2C[C@H](O)CC(=O)O2)c1-c1ccc(F)cc1, 39
149,C[C@@H]1C[C@H](OC(=O)C2CC2)C2[C@@H](CC[C@@H]3C[C@@H](O)CC(=O)O3)[C@@H](C)C=CC2=C1, 39
150,CC(C)c1ccc(CC2CCCc3c2nn(c3\C=C\[C@@H](O)C[C@@H](O)CC([O-])=O)-c2ccc(F)cc2)cc1, 40
151,CC[C@H](C)C(=O)O[C@H]1C[C@H](O)C=C2C=C[C@H](C)[C@H](CC[C@@H](O)C[C@@H](O)CC([O-])=O)[C@@H]12, 40
153,CC(C)c1nn(c(c1CCC(O)C[C@@H](O)CC([O-])=O)-c1ccc(F)cc1)-c1ccccc1, 40
154,CC(C)c1nn(c(c1CC[C@H]1C[C@H](O)CC(=O)O1)-c1ccc(F)cc1)-c1ccc(C)cc1, 40
156,CCc1nc(cc(-c2ccc(F)cc2)c1\C=C\[C@@H]1C[C@@H](O)CC(=O)O1)-c1ccccc1, 40
157,CC(C)c1c(C(=O)OCc2ccccc2)c(c(-c2ccc(F)cc2)n1CC[C@@H]1C[C@@H](O)CC(=O)O1)-c1ccccc1, 40
159,CCC(C)(C)C(=O)O[C@H]1C[C@@H](C)[C@@H](O)[C@@H]2CC[C@H](C)[C@H](CC[C@@H]3C[C@@H](O)CC(=O)O3)C12, 41
160,O[C@H](CCn1c(nc(c1-c1cccc(Cl)c1)-c1ccc(F)cc1)C(F)(F)F)C[C@@H](O)CC([O-])=O, 41
163,COc1cc(CN(C)C(=O)c2nn(c(OC[C@@H](O)C[C@@H](O)CC(O)=O)c2C(C)C)-c2ccc(F)cc2)cc(OC)c1, 43
164,Cc1ccc(cc1)-c1nc(n(CC[C@@H](O)C[C@@H](O)CC([O-])=O)c1-c1ccc(F)cc1)C(F)(F)F, 43
165,Cn1nnnc1C(\C=C\C(O)C[C@@H](O)CC([O-])=O)=C(c1ccc(F)cc1)c1ccc(F)cc1, 43
168,CCc1cccc(c1)-c1cc(Cl)cc(Cl)c1\C=C\[C@@H]1C[C@@H](O)CC(=O)O1, 44
169,Cn1nnnc1\C(\C=C\[C@@H](O)C[C@@H](O)CC([O-])=O)=C(/c1ccccc1)c1ccc(F)cc1, 44
170,CC(C)c1c(CC[C@@H](O)C[C@@H](O)CC([O-])=O)n(nc1C(=O)N(C)[C@@H](C)c1ccccc1)-c1ccc(F)cc1, 45
172,CC(C)c1cc(c(-c2ccc(F)cc2)n1CC[C@@H]1C[C@@H](O)CC(=O)O1)-c1ccccn1, 46
173,CC(C)c1c(OC[C@@H](O)C[C@@H](O)CC(O)=O)n(nc1C(=O)N1CCCCC1)-c1ccc(F)cc1, 47
174,CC(C)c1sc(c(c1\C=C\[C@@H](O)C[C@@H](O)CC([O-])=O)-c1cccc(F)c1)-c1ccccc1, 49
176,CCC(C)(C)C(=O)O[C@H]1C[C@H](C)[C@@H](O)[C@@H]2CC[C@H](C)[C@H](CC[C@@H]3C[C@@H](O)CC(=O)O3)C12, 49
177,Cc1cc(C)c(\C=C\[C@@H]2C[C@@H](O)CC(=O)O2)c(c1)-c1ccc(F)c(CO)c1, 49
181,CCOC(=O)c1c(c(C(C)C)n(CC[C@@H]2C[C@@H](O)CC(=O)O2)c1-c1ccc(F)cc1)-c1ccccc1, 50
183,COc1cccc(c1)-c1cc(Cl)cc(Cl)c1\C=C\[C@@H]1C[C@@H](O)CC(=O)O1, 50
184,Cc1cc(Cl)cc(CCCOc2ccc(Cl)cc2)c1OCC(O)C[C@@H](O)CC([O-])=O, 50
185,Cc1cc(C)c(\C=C\[C@@H](O)C[C@@H](O)CC([O-])=O)c(c1)-c1ccc(F)c(C)c1, 52
186,COc1ccc2nc(C(C)C)c(\C=C\[C@@H]3C[C@@H](O)CC(=O)O3)c(-c3ccc(F)cc3)c2c1, 53.0
187,C[C@@H]1C[C@H](OC(=O)NCc2ccc(cc2)C#C)[C@@H]2[C@@H](CC[C@@H]3C[C@H](CC(=O)O3)O[Si](C)(C)C(C)(C)C)[C@@H](C)C=CC2=C1, 53.8
194,CCC(C)(C)C(=O)O[C@H]1C[C@H](C)C(=O)[C@@H]2CC[C@H](C)[C@H](CC[C@@H]3C[C@@H](O)CC(=O)O3)C12, 59
195,[Na+].CC(C)c1nn(-c2nc3ccccc3s2)c(c1\C=C\[C@@H](O)C[C@@H](O)CC([O-])=O)-c1ccc(F)cc1, 59
196,Cc1cc(Cl)c2ccc(Cl)cc2c1CCC1C[C@@H](O)CC(=O)O1, 60
197,[Na+].CC(C)c1nn(c(c1\C=C\[C@@H](O)C[C@@H](O)CC([O-])=O)-c1ccc(F)cc1)-c1ccc2ccccc2n1, 62
198,O[C@H](CCn1c(nc(-c2cccs2)c1-c1ccc(F)cc1)C(F)(F)F)C[C@@H](O)CC([O-])=O, 64
200,[Na+].Cc1c(\C=C\[C@H](O)C[C@@H](O)CC([O-])=O)c(cn1-c1ccccc1)-c1ccc(F)cc1, 65.0
201,O[C@H](CCn1c(nc(c1-c1ccc(F)cc1)-c1cccnc1)C(F)(F)F)C[C@@H](O)CC([O-])=O, 66
202,COc1ccc(cc1)-c1nc(n(CC[C@@H](O)C[C@@H](O)CC([O-])=O)c1-c1ccc(F)cc1)C(F)(F)F, 68
203,O[C@H](C[C@H](O)\C=C\c1c2CCCC(Cc3ccccc3)c2nn1-c1ccc(F)cc1)CC([O-])=O, 68
204,COC(=O)C[C@H](O)C[C@H](O)\C=C\n1c(cc(c1-c1cccc(Br)c1)-c1ccc(F)cc1)C(C)C, 69
205,Cc1cc(C)c(OCC(O)C[C@@H](O)CC([O-])=O)c(c1)C(c1ccc(F)cc1)c1ccc(F)cc1, 70
206,Cc1c(CC[C@@H](O)C[C@@H](O)CC([O-])=O)c(c(C)n1-c1ccccc1)-c1ccc(F)cc1, 70
207,O[C@@H]1C[C@H](OC(=O)C1)\C=C\c1c(Cl)cc(Cl)cc1-c1cccc(F)c1, 70.0
208,Cc1cc(Cl)cc(C(c2ccc(F)cc2)c2ccc(F)cc2)c1OCC(O)C[C@@H](O)CC([O-])=O, 70
209,CC(C)c1cc(c(-c2ccc(F)cc2)n1CC[C@@H]1C[C@@H](O)CC(=O)O1)-c1cccnc1, 71.0
210,COC(=O)C[C@H](O)C[C@H](O)\C=C\n1c(cc(c1-c1cccc(Cl)c1)-c1ccc(F)cc1)C(C)C, 71
211,Cc1cccc(c1)-c1c(nc(n1CC[C@@H](O)C[C@@H](O)CC([O-])=O)C(F)(F)F)-c1ccc(F)cc1, 74
212,Cc1cc(Cl)cc(CC2CCCCC2)c1OCC(O)C[C@@H](O)CC([O-])=O, 75
214,CCCCNC(=O)c1nn(c(OC[C@@H](O)C[C@@H](O)CC(O)=O)c1C(C)C)-c1ccc(F)cc1, 76
215,O[C@@H]1C[C@@H](CCc2c(Cl)cc(Cl)cc2OCc2ccc(F)cc2)OC(=O)C1, 76
216,CC(C)c1c(\C=C\[C@@H]2C[C@@H](O)CC(=O)O2)c(-c2ccc(F)cc2)c2cc(F)ccc2[n+]1[O-], 79
217,Cc1cc(Cl)cc(CCCOc2ccc(F)cc2)c1OCC(O)C[C@@H](O)CC([O-])=O, 80
219,O[C@@H]1C[C@H](OC(=O)C1)\C=C\c1c(Cl)cc(Cl)cc1-c1ccccc1, 80
220,CCC(C)C(=O)O[C@H]1C[C@@H](C)C[C@@H]2C=C[C@H](C)[C@H](CCC(=O)C[C@@H](O)CC(=O)OC)[C@@H]12, 80
221,O[C@H](C[C@H](O)\C=C\c1c2CCCC(C\C=C\c3ccccc3)c2nn1-c1ccc(F)cc1)CC([O-])=O, 82
222,C[C@@H]1C[C@H](OC(=O)Oc2ccccc2)C2[C@@H](CC[C@@H]3C[C@@H](O)CC(=O)O3)[C@@H](C)C=CC2=C1, 83
223,O[C@@H]1CC(CC2c3ccc(F)cc3-c3cc(Cl)cc(Cl)c23)OC(=O)C1, 85.0
225,Cc1cc(C)c(OCC(O)C[C@@H](O)CC([O-])=O)c(c1)C(c1ccc(F)cc1)c1cccc(c1)C(F)(F)F, 90
226,Cc1nc(cc(-c2ccc(F)cc2)c1\C=C\[C@@H]1C[C@@H](O)CC(=O)O1)-c1ccccc1, 90
227,CC(C)c1sc(C)c(c1\C=C\[C@@H](O)C[C@@H](O)CC([O-])=O)-c1ccccc1, 94
228,Cc1cc(-c2ccc(Cl)cc2)c(\C=C\[C@@H]2C[C@@H](O)CC(=O)O2)c(C)n1, 94
229,Cc1c(nc(-c2ccc(F)cc2)n1CC[C@@H](O)C[C@@H](O)CC([O-])=O)C(=O)NCc1ccccc1, 94
230,OC(COc1c(Cl)cc(Cl)cc1C(F)=C1CCCCC1)C[C@@H](O)CC([O-])=O, 95
231,O[C@H](C[C@H](O)\C=C\c1c2CCCC(Cc3ccccc3Cl)c2nn1-c1ccc(F)cc1)CC([O-])=O, 95
232,Cc1cc(C)c(OCC(O)C[C@@H](O)CC([O-])=O)c(c1)C(C1CCCCC1)c1ccc(F)cc1, 95
233,COc1ccc(cc1)C(c1ccc(F)cc1)c1cc(C)cc(C)c1OCC(O)C[C@@H](O)CC([O-])=O, 100
234,O[C@@H]1CC(CCc2c(Cl)cc(Cl)cc2-c2ccccc2)OC(=O)C1, 100
235,CC(C)n1cc(c(CC[C@@H](O)C[C@@H](O)CC([O-])=O)c1C)-c1ccc(F)cc1, 100
237,Cc1cc(C)c(OCC(O)C[C@@H](O)CC([O-])=O)c(CC2CCCCC2)c1, 100
241,CCC(C)(C)C(=O)O[C@H]1C[C@H](C[C@@H]2C=C[C@H](C)[C@H](\C=C\[C@@H]3C[C@@H](O)CC(=O)O3)[C@@H]12)\C=C\C, 100
243,[Na+].CC(C)c1ccc(-c2ccc(C)cc2)c(-c2ccc(F)cc2)c1OC[C@@H](O)C[C@@H](O)CC([O-])=O, 100
244,COC(=O)C[C@H](O)C[C@H](O)CCn1c(cc(c1-c1ccc(F)cc1)-c1ccc(F)cc1)C(C)C, 105
245,CO[C@@H]1C[C@H](OC(=O)C1)\C=C\c1c(C)cc(C)cc1-c1ccc(F)c(C)c1, 106
246,CC[C@H](C)C(=O)O[C@H]1CCC=C2C=C[C@H](C)[C@H](CCCC[C@@H](O)CC([O-])=O)[C@@H]12, 110
247,CC(C)c1nn(c(c1CCC(O)C[C@@H](O)CC([O-])=O)-c1ccc(F)cc1)-c1ccccn1, 110
248,CC(C)c1c(\C=C\[C@@H](O)C[C@@H](O)CC([O-])=O)c(cn1C(C)C)-c1ccc(F)cc1, 117
250,CC(C)c1c(cc(-c2ccc(F)cc2)n1CC[C@@H]1C[C@@H](O)CC(=O)O1)-c1ccccc1, 120
251,CCc1c(nc(-c2ccc(F)cc2)n1CC[C@@H](O)C[C@@H](O)CC([O-])=O)C(=O)NCc1ccccc1, 123
252,Cc1cc(Cl)c(CCC2C[C@@H](O)CC(=O)O2)c2cc(Cl)ccc12, 130
253,COc1cccc(c1)-c1c(nc(n1CC[C@@H](O)C[C@@H](O)CC([O-])=O)C(F)(F)F)-c1ccc(F)cc1, 135
254,O[C@H](C[C@H](O)\C=C\c1c2CCCC(Cc3ccc(Cl)cc3)c2nn1-c1ccc(F)cc1)CC([O-])=O, 140
255,CC(C)CC(c1ccc(F)cc1)c1cc(C)cc(C)c1OCC(O)C[C@@H](O)CC([O-])=O, 140
256,CC(C)c1c(C)c(C)c(-c2ccc(F)cc2)n1CC[C@@H]1C[C@@H](O)CC(=O)O1, 140
257,[Na+].Cc1cc(C)c(OC[C@@H](O)C[C@@H](O)CC([O-])=O)c(c1)C1CCCCCC1, 141
259,O[C@@H]1CC(CCc2c(Cl)cc(Cl)cc2OCc2ccccc2F)OC(=O)C1, 150
260,COc1ccc(cc1)-c1cc(nc(C(C)C)c1\C=C\[C@@H]1C[C@@H](O)CC(=O)O1)-c1ccccc1, 150
261,CCC(CC)(c1ccccc1)c1ccc(\C=C\[C@@H](O)C[C@@H](O)CC([O-])=O)c(c1)-c1ccc(F)cc1, 150
262,OC(COc1c(Cl)cc(Cl)cc1C(CCOc1ccc(F)cc1)c1ccc(F)cc1)C[C@@H](O)CC([O-])=O, 150
263,CC(C)c1nn(Cc2ccccc2)c(c1CC[C@H]1C[C@H](O)CC(=O)O1)-c1ccc(F)cc1, 158
264,CC(c1ccc(F)cc1)c1cc(C)cc(C)c1OCC(O)C[C@@H](O)CC([O-])=O, 160
265,O[C@H](C[C@H](O)\C=C\c1c2CCCC(CCCc3ccccc3)c2nn1-c1ccc(F)cc1)CC([O-])=O, 160
266,Cc1cc(ccc1F)C(=C(\C=C\[C@@H](O)C[C@@H](O)CC([O-])=O)c1nnnn1C)c1ccc(F)c(C)c1, 160
267,CC(C)[C@H](NC(=O)[C@H](Cc1ccc(O)cc1)NC(=O)CNC(=O)[C@H](Cc1ccccc1)NC(=O)[C@@H](N)CC(O)=O)C(=O)N[C@@H](C)C(=O)N[C@@H](CCC(O)=O)C(O)=O, 160
268,CC[C@H](C)C(=O)O[C@H]1C[C@@H](C)C=C2C=C[C@H](C)[C@H](CCCC[C@@H](O)CC([O-])=O)[C@@H]12, 160
269,CCOC(=O)c1c(C(C)C)n(CC[C@@H]2C[C@@H](O)CC(=O)O2)c(c1-c1ccccc1)-c1ccccc1, 170
270,C[C@@H]1C[C@H](OCc2ccc(Cl)cc2)[C@@H]2[C@@H](CCC3C[C@@H](O)CC(=O)O3)[C@@H](C)C=CC2=C1, 170
271,O[C@@H]1C[C@@H](CCCc2c(Cl)cc(Cl)cc2COc2ccc(F)cc2)OC(=O)C1, 170
272,COC(=O)c1c(C(C)C)n(CC[C@@H]2C[C@@H](O)CC(=O)O2)c(c1C(=O)OC)-c1ccc(F)cc1, 180
273,Cn1nnnc1C(\C=C\[C@@H](O)C[C@@H](O)CC([O-])=O)=C(c1ccccc1)c1ccccc1, 190
274,OC(COc1c(Cl)cc(Cl)cc1-c1ccccc1)C[C@@H](O)CC([O-])=O, 190
275,Cc1ccc(cc1)-c1cc(Cl)cc(Cl)c1\C=C\[C@@H]1C[C@@H](O)CC(=O)O1, 190
276,OC(COc1c(Cl)cc(Cl)cc1C(=O)C1CCCCC1)C[C@@H](O)CC([O-])=O, 190
277,Cc1cc(C)c2ccc(Cl)cc2c1CCC1C[C@@H](O)CC(=O)O1, 200
278,CC[C@H](C)C(=O)O[C@H]1C[C@H]2[C@@H](CC[C@@H]3C[C@H](O)CC[C@]23C)[C@@H]2CCC(CC[C@@H]3C[C@@H](O)CC(=O)O3)[C@@]12C, 200
279,O[C@H](CCn1c(nc(c1-c1ccc(F)cc1)-c1ccc(cc1)C(F)(F)F)C(F)(F)F)C[C@@H](O)CC([O-])=O, 200
280,CCOC(=O)c1c(C(C)C)n(CC[C@@H]2C[C@@H](O)CC(=O)O2)c(c1-c1ccccc1)-c1ccc(F)cc1, 200
281,O[C@@H]1C[C@H](OC(=O)C1)\C=C\c1c(Cl)cc(Cl)cc1OCc1ccc(F)cc1, 200
282,O[C@@H]1C[C@H](OC(=O)C1)\C=C\c1c(Cl)cc(Cl)cc1OCc1ccc(F)cc1F, 200
283,CC(C)c1nc2ccc(F)cc2c(-c2ccc(F)cc2)c1\C=C\[C@@H]1C[C@@H](O)CC(=O)O1, 200
285,O[C@H](C[C@H](O)\C=C\c1c2CCCC(Cc3ccc(F)cc3)c2nn1-c1ccc(F)cc1)CC([O-])=O, 200
286,O[C@H](CCn1c(nc(c1-c1ccccc1)-c1ccc(F)cc1)C(F)(F)F)C[C@@H](O)CC([O-])=O, 201
287,CC(C)c1sc(c(C2CCCCC2)c1\C=C\[C@@H](O)C[C@@H](O)CC([O-])=O)-c1ccccc1, 202
288,COCCOCc1sc(C(C)C)c(\C=C\[C@@H](O)C[C@@H](O)CC([O-])=O)c1-c1ccc(F)cc1, 206
289,O[C@@H]1CC(CCc2c(Cl)cc(Cl)cc2OCc2cccc(F)c2)OC(=O)C1, 210
290,O[C@H](CCn1c(nc(c1-c1cccs1)-c1ccc(F)cc1)C(F)(F)F)C[C@@H](O)CC([O-])=O, 215
291,CC(C)C(\C=C\[C@@H](O)C[C@@H](O)CC([O-])=O)=C(c1ccc(F)cc1)c1ccc(F)cc1, 230
294,CC(C)c1sc(c(c1\C=C\[C@@H](O)C[C@@H](O)CC([O-])=O)-c1ccccc1F)-c1ccccc1, 233
295,CC(C)c1nn(c(c1CC[C@H]1C[C@H](O)CC(=O)O1)-c1ccc(F)cc1)-c1cccc2ccccc12, 234
296,CC(C)[C@H](NC(=O)[C@H](Cc1ccc(O)cc1)NC(=O)CNC(=O)[C@H](Cc1ccccc1)NC(=O)[C@@H](N)CCC(O)=O)C(=O)N[C@@H](C)C(=O)N[C@@H](CCC(O)=O)C(O)=O, 240
297,C[C@@H]1CC(OC(=O)NCCCCCCCCCCC(=O)N[C@@H](C(=O)N2C[C@H](O)C[C@H]2C(=O)NCc2ccc(cc2)-c2scnc2C)C(C)(C)C)[C@@H]2[C@@H](CC[C@@H](O)C[C@@H](O)CC=O)[C@@H](C)C=CC2=C1, 250
298,CC(C)c1c(OCC(O)C[C@@H](O)CC([O-])=O)c(nc2ccccc12)-c1ccc(F)cc1, 250
299,Cc1cccc(CCCOc2ccc(F)cc2)c1OCC(O)C[C@@H](O)CC([O-])=O, 250
305,OC(COc1cc(OCc2ccc(F)cc2)c(Cl)cc1Cl)C[C@@H](O)CC([O-])=O, 260
306,CC(C)[C@H](NC(=O)[C@H](Cc1ccc(O)cc1)NC(=O)CNC(=O)[C@H](Cc1ccccc1)NC(=O)[C@@H](N)[C@@H](C)O)C(=O)N[C@@H](C)C(=O)N[C@@H](CCC(O)=O)C(O)=O, 260
308,C[C@@H]1C[C@H](OC(C)=O)[C@@H]2[C@@H](CCC3C[C@@H](O)CC(=O)O3)[C@@H](C)C=CC2=C1, 269
309,C[C@@H]1C[C@H](OC(C)=O)C2[C@@H](CC[C@@H]3C[C@@H](O)CC(=O)O3)[C@@H](C)C=CC2=C1, 269
310,Cc1cc(Cl)c(OCC(O)C[C@@H](O)CC([O-])=O)c(c1)C(c1ccc(F)c(C)c1)c1ccc(F)c(C)c1, 270
311,CC(C)[C@H](NC(=O)[C@H](Cc1ccc(O)cc1)NC(=O)CNC(=O)[C@H](Cc1ccccc1)NC(=O)CN)C(=O)N[C@@H](C)C(=O)N[C@@H](CCC(O)=O)C(O)=O, 270
312,CCOC(=O)c1c(C(C)C)n(CC[C@@H]2C[C@@H](O)CC(=O)O2)c(c1-c1ccc(cc1)C#N)-c1ccc(F)cc1, 280
313,CCC(C)(C)C(=O)O[C@H]1C[C@H](C)[C@H](O)[C@@H]2CC[C@H](C)[C@H](CC[C@@H]3C[C@@H](O)CC(=O)O3)C12, 289
314,CCCCCCCCCC(=O)O[C@H]1C[C@@H](C)C=C2C=C[C@H](C)[C@H](CC[C@@H]3C[C@@H](O)CC(=O)O3)C12, 295
315,C[C@H](CCCC(C)(C)O)[C@H]1CC[C@H]2[C@@H]3CC=C4C[C@@H](O)CC[C@]4(C)[C@H]3CC[C@]12C, 300
316,CC(C)c1cc(c(-c2ccc(F)cc2)n1CC[C@@H]1C[C@@H](O)CC(=O)O1)-c1ccncc1, 310
317,CC(C)c1nc(c(-c2ccc(F)cc2)n1CC[C@@H](O)C[C@@H](O)CC([O-])=O)-c1ccc(F)cc1, 316
318,COc1ccc(CC2CCCc3c2nn(c3\C=C\[C@@H](O)C[C@@H](O)CC([O-])=O)-c2ccc(F)cc2)cc1OC, 320
321,CC(C)c1sc(CO)c(c1\C=C\[C@@H](O)C[C@@H](O)CC([O-])=O)-c1ccc(F)cc1, 325
323,O[C@H](C[C@H](O)C=CC(=C(c1ccc(F)cc1)c1ccc(F)cc1)c1nnn[nH]1)CC([O-])=O, 330
324,O[C@@H]1CC(CCc2c(Cl)cc(Cl)cc2Oc2ccccc2)OC(=O)C1, 330
325,CC(C)c1cc(c(-c2ccc(F)cc2)n1CC[C@@H]1C[C@@H](O)CC(=O)O1)-c1ccccc1, 347
326,CCOC(=O)c1c(C(C)C)n(CC[C@@H]2C[C@@H](O)CC(=O)O2)c(c1C(=O)OCC)-c1ccc(F)cc1, 350
327,CN(C)c1nc2ccccc2c(-c2ccc(F)cc2)c1\C=C\[C@@H]1C[C@@H](O)CC(=O)O1, 350
328,C[C@@H]1C[C@H](OCC(C)=C)[C@@H]2[C@@H](CCC3C[C@@H](O)CC(=O)O3)[C@@H](C)C=CC2=C1, 360
329,Cc1ccc2c(C)cc(C)c(CCC3C[C@@H](O)CC(=O)O3)c2c1, 360
331,Cc1ccccc1-c1cc(Cl)cc(Cl)c1\C=C\[C@@H]1C[C@@H](O)CC(=O)O1, 370
332,C[C@@H]1C[C@H](OCC=C)[C@@H]2[C@@H](CCC3C[C@@H](O)CC(=O)O3)[C@@H](C)C=CC2=C1, 370
334,O[C@@H]1C[C@@H](CCc2c(Cl)cc(Cl)cc2COc2ccccc2)OC(=O)C1, 390
336,CC(C)c1ccc(-c2ccc(F)cc2)n1CC[C@@H]1C[C@@H](O)CC(=O)O1, 400
337,CC(C)c1cc(cc(-c2ccc(F)cc2)c1OCC(O)C[C@@H](O)CC([O-])=O)C(C)(C)C, 400
339,CC(C)c1cc(cc(CC2CCCCC2)c1OCC(O)C[C@@H](O)CC([O-])=O)-c1ccccc1, 400
341,CC(C)[C@H](NC(=O)[C@H](Cc1ccc(O)cc1)NC(=O)CNC(=O)[C@@H](N)Cc1ccccc1)C(=O)N[C@@H](C)C(=O)N[C@@H](CCC(O)=O)C(O)=O, 410
342,CC(C)c1sc(c(C2CCCC2)c1\C=C\[C@@H](O)C[C@@H](O)CC([O-])=O)-c1ccccc1, 417
343,COc1ccc(cc1)-c1c(nc(n1CC[C@@H](O)C[C@@H](O)CC([O-])=O)C(F)(F)F)-c1ccc(F)cc1, 418
344,O[C@@H]1C[C@H](OC(=O)C1)\C=C\c1c(Cl)cc(Cl)cc1OCc1ccccc1, 430.0
345,O[C@@H]1C[C@H](OC(=O)C1)\C=C\c1c(Cl)cc(Cl)cc1CCc1ccccc1, 430.0
346,O[C@@H]1C[C@H](OC(=O)C1)\C=C\c1c(Cl)cc(OCc2ccccc2)cc1Cl, 450
347,COc1ccc(cc1)-c1cc(Cl)cc(Cl)c1\C=C\[C@@H]1C[C@@H](O)CC(=O)O1, 470
348,[Na+].CC(C)c1nc2ccc(Cl)cc2c(-c2ccc(F)cc2)c1\C=C\[C@@H](O)C[C@@H](O)CC([O-])=O, 480
349,O[C@@H]1C[C@H](OC(=O)C1)\C=C\c1c(Cl)cc(Cl)cc1OCCc1ccccc1, 480
350,CCCCCCCCC#CC#C\C=C\CCCC(O)=O, 500
351,Cc1nc(C)c(\C=C\[C@@H]2C[C@@H](O)CC(=O)O2)c(n1)-c1ccc(F)cc1, 500
356,O[C@@H]1C[C@H](OC(=O)C1)\C=C\c1c(Cl)cc(Cl)cc1OCc1ccccc1F, 510
359,O[C@@H]1CC(CCc2c(Cl)cc(Cl)cc2Cc2ccccc2)OC(=O)C1, 530
360,O[C@H](C[C@H](O)\C=C\c1c2CCCC(CCc3ccccc3)c2nn1-c1ccc(F)cc1)CC([O-])=O, 540
361,CC(C)c1sc(C2CCCC2)c(c1\C=C\[C@@H](O)C[C@@H](O)CC([O-])=O)-c1ccc(F)cc1, 570
362,Cc1ccc(C(=C(\C=C\[C@@H](O)C[C@@H](O)CC([O-])=O)c2nnnn2C)c2ccc(C)cc2F)c(F)c1, 580
363,O[C@@H]1C[C@H](OC(=O)C1)\C=C\c1c(Cl)cc(Cl)cc1OCc1cccc(F)c1, 580
364,O[C@@H]1C[C@H](OC(=O)C1)\C=C\c1c(Cl)cc(Cl)cc1OCc1cccs1, 600
365,Cc1nc(C)c(\C=C\[C@@H]2C[C@@H](O)CC(=O)O2)c(n1)-c1ccc(Cl)cc1, 600
366,O[C@@H]1C[C@H](OC(=O)C1)\C=C\c1c(Cl)cc(Cl)cc1OCc1ccco1, 600
367,Cc1cc(OCc2ccccc2)cc(C)c1\C=C\[C@@H]1C[C@@H](O)CC(=O)O1, 620
368,Cc1cc(C)c(\C=C\[C@@H]2C[C@@H](O)CC(=O)O2)c(\C=C\c2ccc(Cl)cc2)c1, 630
371,O[C@@H]1C[C@@H](CCn2c(ccc2C(F)(F)F)-c2ccc(F)cc2)OC(=O)C1, 631
373,CC[C@H](C)C(=O)O[C@H]1C[C@H]2[C@@H](CC[C@@H]3C[C@H](O)CC[C@]23C)[C@@H]2CCC([C@H](C)C[C@@H]3C[C@@H](O)CC(=O)O3)[C@@]12C, 650
374,CC(C)c1nn(c(c1CC[C@H]1C[C@H](O)CC(=O)O1)-c1ccc(F)cc1)S(=O)(=O)c1ccc(C)cc1, 660.0
375,O[C@@H]1C[C@H](OC(=O)C1)\C=C\c1c(Cl)cc(OCc2ccc(F)cc2)cc1Cl, 670.0
377,O[C@@H]1C[C@H](OC(=O)C1)\C=C\c1c(Cl)cc(Cl)cc1OCc1c(F)c(F)c(F)c(F)c1F, 700
378,CC(C)c1nn(c(c1CC[C@@H]1C[C@H](O)CC(=O)O1)-c1ccc(F)cc1)-c1ccccc1, 700
380,Cc1nc2ccc(Cl)cc2c(-c2ccc(F)cc2)c1\C=C\[C@@H]1C[C@@H](O)CC(=O)O1, 720
381,O[C@@H]1CC(CCc2c(Cl)cc(Cl)cc2OCC2CCCCC2)OC(=O)C1, 750
382,NCC(=O)N[C@@H](Cc1ccc(F)cc1)C(=O)N1CCC[C@H]1C(=O)N[C@@H](CCC(O)=O)C(=O)NCC(=O)NCC(O)=O, 750
383,Cc1cc2-c3ccccc3\C(=C/[C@@H]3C[C@@H](O)CC(=O)O3)c2c(C)c1, 750
384,Cc1ccc(cc1)-c1c(nc(n1CC[C@@H](O)C[C@@H](O)CC([O-])=O)C(F)(F)F)-c1ccc(F)cc1, 750
385,O[C@@H]1C[C@H](OC(=O)C1)\C=C\c1c(Cl)cc(Cl)cc1OCC=C, 760
386,CSCOc1cc(Cl)cc(Cl)c1\C=C\[C@@H]1C[C@@H](O)CC(=O)O1, 760
387,CC(C)c1cc(C(=O)C(F)(F)F)c(-c2ccc(F)cc2)n1CC[C@@H]1C[C@@H](O)CC(=O)O1, 800
388,CCC(CC)(c1ccccc1)c1ccc(\C=C\[C@@H](O)C[C@@H](O)CC([O-])=O)c(c1)-c1ccccc1F, 820
389,Cc1cc2\C(=C/[C@@H]3C[C@@H](O)CC(=O)O3)c3c(cc(C)cc3C)-c2c(C)c1, 830.0
390,CCC(CC)(c1ccccc1)c1ccc(\C=C\[C@@H](O)C[C@@H](O)CC([O-])=O)c(c1)-c1ccccc1, 850
391,O[C@@H]1C[C@H](OC(=O)C1)\C=C\c1c(F)cc(F)cc1-c1ccc(F)cc1, 860.0
392,CCOC(=O)c1c(CC)n(CC[C@@H]2C[C@@H](O)CC(=O)O2)c(c1-c1ccccc1)-c1ccccc1, 890
394,O[C@@H]1C[C@H](OC(=O)C1)C=C1c2ccccc2-c2ccccc12, 890
398,OC(COc1c(Cl)cc(Cl)cc1C(c1ccc(F)cc1)c1ccc(F)cc1)C[C@@H](O)CC([O-])=O, 950
399,CCC(C)C(=O)O[C@H]1C[C@@H](C)C[C@@H]2C=C[C@H](C(C)C)[C@H](CC[C@@H]3C[C@@H](O)CC(=O)O3)[C@@H]12, 1000
403,Cc1c(OCC(O)C[C@@H](O)CC([O-])=O)c(nc2ccccc12)-c1ccc(F)cc1, 1000
407,Cc1cc(ccc1F)C(c1ccc(F)c(C)c1)c1cc(Cl)cc(Cl)c1OCC(O)C[C@@H](O)CC([O-])=O, 1000
408,CCCCCOc1cc(Cl)cc(Cl)c1\C=C\[C@@H]1C[C@@H](O)CC(=O)O1, 1000
409,O[C@@H]1C[C@H](OC(=O)C1)\C=C\c1c(Cl)cc(Cl)cc1OCCOc1ccc(Cl)cc1, 1000
411,CC(C)CCC[C@@H](C)[C@H]1CC[C@@]2(C(C)=O)C3=CCC4C(C)(C)[C@@H](O)CC[C@]4(C)C3CC[C@]12C, 1000
412,CC[C@H](C)C(=O)O[C@H]1C[C@H]2[C@@H](CC[C@@H]3C[C@H](O)CC[C@]23C)[C@@H]2CCC(CC[C@H]3C[C@@H](O)CC(=O)O3)[C@@]12C, 1000
415,Cc1nc(C)c(CCC2C[C@@H](O)CC(=O)O2)c(n1)-c1ccc(F)cc1, 1000
417,CC(C)c1sc(c(C=C(C)C)c1\C=C\[C@@H](O)C[C@@H](O)CC([O-])=O)-c1ccccc1, 1000
418,CCn1nnnc1C(\C=C\[C@@H](O)C[C@@H](O)CC([O-])=O)=C(c1ccc(F)cc1)c1ccc(F)cc1, 1100
419,O[C@@H]1C[C@H](OC(=O)C1)\C=C\c1c(Cl)cc(Cl)cc1Oc1ccccc1, 1100
421,CCC(C)(C)C(=O)O[C@H]1C[C@H](C[C@@H]2C=C[C@H](C)[C@H](CC[C@@H]3C[C@@H](O)CC(=O)O3)[C@@H]12)\C=C\C(C)C, 1200
422,O[C@@H]1C[C@H](OC(=O)C1)\C=C\c1c(Cl)cc(Cl)cc1OCc1ccccn1, 1200
423,CCC(CC)(c1ccccc1)c1ccc(\C=C\[C@@H](O)C[C@@H](O)CC([O-])=O)c(c1)-c1cccc(F)c1, 1200
427,Cc1nnnn1C(\C=C\[C@@H](O)C[C@@H](O)CC([O-])=O)=C(c1ccc(F)cc1)c1ccc(F)cc1, 1290
428,C[C@@H]1CC(OC(=O)NCCCCCCCCCCC(=O)N[C@@H](C(=O)N2C[C@H](O)C[C@H]2C(=O)NCc2ccc(cc2)-c2scnc2C)C(C)(C)C)[C@@H]2[C@@H](CC[C@@H]3C[C@@H](O)CC(=O)O3)[C@@H](C)C=CC2=C1, 1300
429,Cc1ccc(cc1)C(=C(\C=C\[C@@H](O)C[C@@H](O)CC([O-])=O)c1nnnn1C)c1ccc(C)cc1, 1300
435,COc1ccc(cc1)C(=C(\C=C\[C@@H](O)C[C@@H](O)CC([O-])=O)c1nnnn1C)c1ccc(OC)cc1, 1400
436,CC[C@H](C)C(=O)O[C@H]1C[C@H](O)C[C@@H]2C=C[C@H](C)[C@H](CCC3C[C@@H](O)CC(=O)O3)[C@@H]12, 1400
437,CC(C)c1sc(c(-c2cccs2)c1\C=C\[C@@H](O)C[C@@H](O)CC([O-])=O)-c1ccccc1, 1420
438,O[C@@H]1C[C@H](OC(=O)C1)\C=C\c1c(Cl)cc(Cl)cc1OCCCc1ccccc1, 1450
439,CC(C)[C@H](NC(=O)[C@H](Cc1ccc(O)cc1)NC(=O)[C@@H]1CCCN1C(=O)[C@@H](N)Cc1ccccc1)C(=O)N[C@@H](C)C(=O)N[C@@H](CCC(O)=O)C(O)=O, 1470
441,CC(C)CCC[C@@H](C)[C@H]1CC[C@@]2(C(C)O)C3=CCC4C(C)(C)[C@@H](O)CC[C@]4(C)C3CC[C@]12C, 1500
442,CCCCCCCCC#CC#C\C=C/CCCC(O)=O, 1500
445,C\C=C/[C@@H]1C[C@H](OC(C)=O)[C@H]2[C@H](C1)C=C[C@H](C)[C@@H]2CC[C@@H]1C[C@@H](O)CC(=O)O1, 1500
446,CCC(C)C(=O)O[C@H]1C[C@@H](C)C[C@@H]2C=CC[C@H](CC[C@@H]3C[C@@H](O)CC(=O)O3)[C@@H]12, 1500
447,O[C@@H]1C[C@H](OC(=O)C1)\C=C\c1c(Cl)ccc2ccccc12, 1510
448,NCC(=O)N[C@@H](Cc1ccccc1)C(=O)N1CCC[C@H]1C(=O)N[C@@H](CC(O)=O)C(=O)NCC(=O)NCC(O)=O, 1520
456,Cc1ccc(C(=C(\C=C\[C@@H](O)C[C@@H](O)CC([O-])=O)c2nnnn2C)c2ccc(C)cc2C)c(C)c1, 1600
459,O[C@@H]1C[C@H](OC(=O)C1)C=C1c2ccccc2C=Cc2ccccc12, 1600
462,CCC(C)(C)OC(=O)C(C1CCCCC1)c1cc(C)cc(C)c1OCC(O)C[C@@H](O)CC([O-])=O, 1700
464,CCC(C)(C)C(=O)O[C@@H](CC(C)=C)C1[C@H](O)CC[C@H](C)[C@@H]1CC[C@@H]1C[C@H](CC(=O)O1)O[Si](C)(C)C(C)(C)C, 1700
466,NCC(=O)N[C@@H](Cc1ccccc1)C(=O)N1CCC[C@H]1C(=O)N[C@@H](CCC(O)=O)C(=O)NCC(=O)NCC(O)=O, 1780
471,CCC(CC)(c1ccccc1)c1ccc(\C=C\[C@@H](O)C[C@@H](O)CC([O-])=O)c(c1)C(C)C, 1800
473,O[C@@H]1C[C@H](OC(=O)C1)\C=C\c1c(Cl)cc(Cl)cc1OC\C=C\c1ccccc1, 1900
474,O[C@@H]1C[C@H](OC(=O)C1)\C=C\c1cccc2ccc3ccccc3c12, 1900
478,CC(C)(C)c1ccc(-c2ccc(F)cc2)n1CC[C@@H]1C[C@@H](O)CC(=O)O1, 1995
479,CCC1CCCc2c1nn(c2\C=C\[C@@H](O)C[C@@H](O)CC([O-])=O)-c1ccc(F)cc1, 2000
480,Cc1cc(-c2ccc(F)cc2)c(\C=C\[C@@H]2C[C@@H](O)CC(=O)O2)c(C)n1, 2000
482,O[C@@H]1C[C@H](OC(=O)C1)\C=C\c1c(Cl)cc(Cl)cc1OCc1ccc(cc1)C#N, 2000
484,CCCCCCCCC#C\C=C\CCCCCC(O)=O, 2000
485,CC1CCCc2c1nn(c2\C=C\[C@@H](O)C[C@@H](O)CC([O-])=O)-c1ccc(F)cc1, 2100
494,COc1ccc(cc1)-c1c(\C=C\[C@@H](O)C[C@@H](O)CC([O-])=O)c(sc1-c1ccccc1)C(C)C, 2430
495,OC(COc1c(Cl)cc(Cl)cc1C(F)(F)C1CCCCC1)C[C@@H](O)CC([O-])=O, 2500
496,O[C@@H]1C[C@H](OC(=O)C1)\C=C\c1c(Cl)cc(Cl)cc1OCc1ccc(Cl)cc1, 2500
501,Cc1ccc(C2CC3CCC2CC3)n1CC[C@@H]1C[C@@H](O)CC(=O)O1, 2512
505,Cc1ccc(C2CCCCC2)n1CC[C@@H]1C[C@@H](O)CC(=O)O1, 2512
509,CC(C)[C@H](NC(=O)[C@H](Cc1ccc(O)cc1)NC(=O)[C@H](Cc1ccccc1)NC(=O)[C@@H](N)Cc1ccccc1)C(=O)N[C@@H](C)C(=O)N[C@@H](CCC(O)=O)C(O)=O, 2560
512,COc1ccc(COc2cc(Cl)cc(Cl)c2\C=C\[C@@H]2C[C@@H](O)CC(=O)O2)cc1, 2600
513,O[C@@H]1C[C@@H](CCn2c(ccc2-c2ccc(F)cc2)C2CC2)OC(=O)C1, 2600
514,CC(C)c1ccc(-c2cccc(F)c2)n1CC[C@@H]1C[C@@H](O)CC(=O)O1, 2600
515,O[C@H](C[C@H](O)\C=C\c1c2CCCc3ccccc3-c2nn1-c1ccc(F)cc1)CC([O-])=O, 2600
516,O[C@H](C[C@H](O)\C=C\c1c2CCCC(c2nn1-c1ccc(F)cc1)c1ccccc1)CC([O-])=O, 2800
517,CCC(C)(C)C(=O)O[C@@H](C[C@@H](C)CO)C1[C@H](O)CC[C@H](C)[C@@H]1CC[C@@H]1C[C@@H](O)CC(=O)O1, 2800
518,Cc1ccc(-c2ccc(F)cc2)n1CC[C@@H]1C[C@@H](O)CC(=O)O1, 2800
519,CO[C@H]1C[C@@H](C)C=C2C=C[C@H](C)[C@H](CCC3C[C@@H](O)CC(=O)O3)[C@@H]12, 2810
520,CC(C)c1sc(c(c1\C=C\[C@@H](O)C[C@@H](O)CC([O-])=O)-c1cccc(c1)C(F)(F)F)-c1ccccc1, 2980
523,O[C@@H]1C[C@H](OC(=O)C1)\C=C\c1c(Cl)cc(Cl)cc1OCCC12CC3CC(CC(C3)C1)C2, 3000
524,O[C@@H]1C[C@H](OC(=O)C1)\C=C\c1ccccc1-c1ccccc1, 3000
525,CCCCCCCCC#C\C=C/CCCCCC(O)=O, 3000
526,CCCCC#CC#CCCCCCC(O)=O, 3000
528,CO[C@H]1C[C@H](CCc2c(nn(c2-c2ccc(F)cc2)-c2ccccc2)C(C)C)OC(=O)C1, 3160
536,CC(C)c1ccc(-c2ccccc2F)n1CC[C@@H]1C[C@@H](O)CC(=O)O1, 3200
537,Cc1ccc(C2CC3CCC2C=C3)n1CC[C@@H]1C[C@@H](O)CC(=O)O1, 3200
538,CC(C)Oc1ccccc1-c1ccc(C(C)C)n1CC[C@@H]1C[C@@H](O)CC(=O)O1, 3200
540,CCC(C)C1CCCc2c1nn(c2\C=C\[C@@H](O)C[C@@H](O)CC([O-])=O)-c1ccc(F)cc1, 3200
541,CC(C)c1ccc(Sc2c(\C=C\[C@@H]3C[C@@H](O)CC(=O)O3)cnc3c(F)c(F)c(F)cc23)cc1, 3210
542,CCCC1CCCc2c1nn(c2\C=C\[C@@H](O)C[C@@H](O)CC([O-])=O)-c1ccc(F)cc1, 3400
543,O[C@@H]1C[C@H](OC(=O)C1)\C=C\c1c(Cl)cc(Cl)cc1OCc1cccnc1, 3400
544,CC(C)c1c(OCC(O)C[C@@H](O)CC([O-])=O)c(cc2ccccc12)C(c1ccc(F)cc1)c1ccc(F)cc1, 3500
546,O[C@H](C[C@H](O)\C=C\c1c2CCCCCc2nn1-c1ccc(F)cc1)CC([O-])=O, 3600
547,COc1cccc(Sc2cc3ncc(\C=C\[C@@H]4C[C@@H](O)CC(=O)O4)c(Sc4cccc(OC)c4)c3cc2F)c1, 3640
548,CC[C@@H](C)C(=O)O[C@H]1C[C@@H](C)C=C2C=C[C@H](C)[C@H](CC[C@@H](O)C[C@@H](O)CC(O)=O)[C@@H]12, 3690
550,CC(C)OC1C[C@@H](C[C@H](O1)\C=C\c1c(nc(nc1-c1ccc(F)cc1)N(C)S(C)(=O)=O)C(C)C)OCc1ccccc1, 1
551,CC(C)c1c(c(c(-c2ccc(F)cc2)n1CC[C@@H](O)C[C@@H](O)CC([O-])=O)-c1ccc(F)cc1)S(=O)(=O)Nc1cccc(CC(N)=O)c1, 1
554,COc1cccc(CNC(=O)c2nc(-c3ccc(F)cc3)n(CC[C@@H](O)C[C@@H](O)CC([O-])=O)c2C2CC2)c1, 1.2
555,O[C@H](CCn1c(nc(C(=O)NCc2ccc(F)cc2F)c1C1CC1)-c1ccc(F)cc1)C[C@@H](O)CC([O-])=O, 1.2
556,O[C@H](CCn1c(nc(C(=O)NCc2ccc(F)c(F)c2)c1C1CC1)-c1ccc(F)cc1)C[C@@H](O)CC([O-])=O, 1.2
557,COc1ccc(CNC(=O)c2nc(-c3ccc(F)cc3)n(CC[C@@H](O)C[C@@H](O)CC([O-])=O)c2C2CC2)cc1, 1.2
558,O[C@H](CCn1c(nc(C(=O)NCc2cccc(F)c2)c1C1CC1)-c1ccc(F)cc1)C[C@@H](O)CC([O-])=O, 1.2
559,CC(C)n1c(CC[C@@H](O)C[C@@H](O)CC([O-])=O)c(c(c1C(=O)NCc1cccc(c1)C(N)=O)-c1ccccc1)-c1ccc(F)cc1, 1.2
560,CC(C)n1c(CC[C@@H](O)C[C@@H](O)CC([O-])=O)c(c(c1C(=O)NCc1ccc(cc1)C(=O)N(C)C)-c1ccccc1)-c1ccc(F)cc1, 1.2
561,O[C@@H](CC(O)=O)CC(=O)CCc1ccccc1, 1.3
562,CC(C)n1c(CC[C@@H](O)C[C@@H](O)CC([O-])=O)c(c(c1C(=O)Nc1ccc(cc1)C(=O)N(C)C)-c1ccccc1)-c1ccc(F)cc1, 1.4
563,CCC(CC)(CC)C(=O)O[C@H]1C[C@@H](C)C=C2C=C[C@H](C)[C@H](CC[C@@H]3C[C@@H](O)CC(=O)O3)C12, 1.4
564,O[C@H](CCn1c(nc(C(=O)NCc2ccccc2)c1C1CC1)-c1ccc(F)cc1)C[C@@H](O)CC([O-])=O, 1.4
565,CC(C)c1nc(nc(-c2ccc(F)cc2)c1\C=C\[C@@H](O)C[C@@H](O)CC(O)=O)N(C)c1ncnn1C, 1.4
566,CCC(C)(CC)C(=O)O[C@H]1C[C@@H](C)C=C2C=C[C@H](C)[C@H](CC[C@@H]3C[C@@H](O)CC(=O)O3)C12, 1.4
567,O[C@H](CCn1c(nc(C(=O)NCc2ccccc2F)c1C1CC1)-c1ccc(F)cc1)C[C@@H](O)CC([O-])=O, 1.5
568,CC(C)n1c(CC[C@@H](O)C[C@@H](O)CC([O-])=O)c(c(c1C(=O)NCc1nc(C)cs1)-c1ccccc1)-c1ccc(F)cc1, 1.5
569,CC(C)c1c(CC[C@@H](O)C[C@@H](O)CC([O-])=O)n(nc1C(=O)N1CCCC(C1)c1ccccc1)-c1ccc(F)cc1, 1.5
570,CC(C)c1c(CC[C@@H](O)C[C@@H](O)CC([O-])=O)n(nc1C(=O)N(C)[C@H](C)c1ccccc1)-c1ccc(F)cc1, 1.5
571,CC[C@H](C)C(=O)O[C@H]1C[C@@H](C)C[C@@H]2C=C[C@H](C)[C@H](CCC(O)C[C@@H](O)CC(O)=O)C12, 1.6
572,CCn1c(CC[C@@H](O)C[C@@H](O)CC([O-])=O)c(c(C)c1C(=O)NCc1ccc(OC)cc1)-c1ccc(F)cc1, 1.6
573,CCn1c(CC[C@@H](O)C[C@@H](O)CC([O-])=O)c(c(C)c1C(=O)NCc1ccc(cc1)C(=O)OC)-c1ccc(F)cc1, 1.6
574,Cc1ccc(CNC(=O)c2nc(-c3ccc(F)cc3)n(CC[C@@H](O)C[C@@H](O)CC([O-])=O)c2C2CC2)cc1, 1.7
575,CC(C)n1c(CC[C@@H](O)C[C@@H](O)CC(O)=O)c(c(c1C(=O)Nc1ccccc1)-c1ccc(F)cc1)-c1ccc(F)cc1, 1.8
576,COc1cccc(CNC(=O)c2c(c(c(CC[C@@H](O)C[C@@H](O)CC([O-])=O)n2C(C)C)-c2ccc(F)cc2)-c2ccccc2)c1, 1.8
577,CC(C)c1c(c(c(-c2ccc(F)cc2)n1CC[C@@H](O)C[C@@H](O)CC([O-])=O)-c1ccccc1)S(=O)(=O)N1CCC1, 1.8
579,CC(C)c1cc(C(C)C)c(OCC2C[C@@H](O)CC(=O)O2)c(c1)-c1ccc(F)cc1, 1.8
580,CC(C)c1nc(Nc2ccn(C)n2)nc(-c2ccc(F)cc2)c1\C=C\[C@@H](O)C[C@@H](O)CC(O)=O, 1.8
581,CC(C)c1c(CC[C@@H](O)C[C@@H](O)CC([O-])=O)n(nc1C(=O)NCc1ccc(C)cc1)-c1ccc(F)cc1, 1.9
582,CCCC(CC)(CC)C(=O)O[C@H]1C[C@@H](C)C=C2C=C[C@H](C)[C@H](CC[C@@H]3C[C@@H](O)CC(=O)O3)C12, 1.9
583,CC(C)n1c(CC[C@@H](O)C[C@@H](O)CC([O-])=O)c(-c2ccc(F)cc2)c2c1c(=O)n(-c1cccc(F)c1)c1ccccc21, 1.9
584,CC(C)c1c(OC[C@@H](O)C[C@@H](O)CC(O)=O)n(nc1C(=O)NCc1cccc(F)c1F)-c1ccc(F)cc1, 2.0
586,CC(C)c1nc(c(-c2ccc(F)cc2)n1\C=C\[C@@H](O)C[C@@H](O)CC([O-])=O)-c1ccc(F)cc1, 2
592,CC(C)c1nc(cc(-c2ccc(F)cc2)c1\C=C\[C@@H]1C[C@@H](O)CC(=O)O1)-c1ccc(F)cc1, 2.00
593,CC(C)c1c(CC[C@@H](O)C[C@@H](O)CC([O-])=O)n(nc1C(=O)N1CCC[C@@H](C1)c1ccccc1)-c1ccc(F)cc1, 2.0
594,CC(C)c1c(c(c(-c2ccc(F)cc2)n1CC[C@@H](O)C[C@@H](O)CC([O-])=O)-c1ccc(F)cc1)S(=O)(=O)Nc1ccccc1, 2
596,COC(=O)C[C@H](O)C[C@H](O)\C=C\n1c(cc(c1-c1ccc(F)cc1)-c1cccc(Cl)c1)C(C)C, 2
597,COC(=O)C[C@H](O)C[C@H](O)\C=C\n1c(cc(c1-c1ccc(F)cc1)-c1ccccc1)C(C)C, 2
598,COC(=O)C[C@H](O)C[C@H](O)\C=C\n1c(cc(c1-c1ccc(F)cc1)-c1ccccn1)C(C)C, 2
599,COC(=O)C[C@H](O)C[C@H](O)\C=C\n1c(cc(c1-c1ccc(F)cc1)-c1ccc(F)cc1)C(C)C, 2
600,CC(C)(C)n1nnc(n1)C(\C=C\[C@@H](O)C[C@@H](O)CC([O-])=O)=C(c1ccc(F)cc1)c1ccc(F)cc1, 3700
601,O[C@@H]1C[C@H](OC(=O)C1)\C=C\c1c(Cl)cc(Cl)cc1OCc1ccncc1, 3700
603,CC(C)[C@H](NC(=O)[C@@H](N)Cc1ccc(F)cc1)C(=O)N[C@@H](C)C(=O)N[C@@H](CCC(O)=O)C(O)=O, 3840
606,CC(O)(CC(O)=O)CC(O)=O, 4000
608,O[C@@H]1C[C@H](OC(=O)C1)\C=C\c1ccc(Br)c2ccccc12, 4000
609,CCOC(=O)c1c(C)n(CC[C@@H]2C[C@@H](O)CC(=O)O2)c(c1-c1ccccc1)-c1ccccc1, 4000
611,O[C@@H]1C[C@H](OC(=O)C1)\C=C\c1cccc2cccc(Br)c12, 4120.0
612,CC(C)c1ccc(Sc2cc3c(Sc4ccc(cc4)C(C)C)c(\C=C\[C@@H]4C[C@@H](O)CC(=O)O4)cnc3c(Sc3ccc(cc3)C(C)C)c2Sc2ccc(cc2)C(C)C)cc1, 4350
613,O[C@@H]1C[C@H](OC(=O)C1)\C=C\c1c(Cl)cc(Cl)cc1OCc1cccc2ccccc12, 4400
614,O[C@@H]1C[C@H](OC(=O)C1)\C=C\c1cnc2cc(Sc3ccccc3)c(F)cc2c1Sc1ccccc1, 4410
615,OC(CC(O)\C=C\c1c(-c2ccc(F)cc2)c2ccccc2n2nnnc12)CC([O-])=O, 4600
617,C[C@@H](O)[C@H](NC(=O)[C@@H]1CCCN1C(=O)[C@H](Cc1ccc(F)cc1)NC(=O)CN)C(=O)NCC(=O)NCC(O)=O, 4820
618,Cc1ccc(COc2cc(Cl)cc(Cl)c2\C=C\[C@@H]2C[C@@H](O)CC(=O)O2)cc1, 4900
619,CCC(=O)c1cc(OC)c(OC)cc1O, 4940
620,CCCCCCCCC#CC#CCCCCCC(O)=O, 5000
621,CCCCCCCCC#CCCCCCCCC(O)=O, 5000
622,CCCCCCCCC#CC#CC1OC1CCCC(O)=O, 5000
627,Cc1nc(cc(-c2ccc(F)cc2)c1\C=C/[C@@H]1C[C@@H](O)CC(=O)O1)-c1ccccc1, 5000
631,O[C@@H]1C[C@@H](CCc2c(Cl)cc(Cl)cc2OCc2ccccc2)OC(=O)C1, 5200
632,O[C@H](C[C@H](O)\C=C\c1c2CCCCc2nn1-c1ccc(F)cc1)CC([O-])=O, 5300
633,Cc1ccc(-c2cccc(c2)C(F)(F)F)n1CC[C@@H]1C[C@@H](O)CC(=O)O1, 5400
635,COc1cccc(Sc2c(\C=C\[C@@H]3C[C@@H](O)CC(=O)O3)c(nc3ccc(F)cc23)C2CC2)c1, 5610
637,Cn1nnnc1C(C=C=C[C@@H](O)C[C@@H](O)CC([O-])=O)=C(c1ccc(F)cc1)c1ccc(F)cc1, 5700
640,CC(C)=CCC\C(C)=C\CCC1=C[C@@H](OC1=O)c1ccc(cc1)C(C)(C)C, 5820
642,CCC(C)C(=O)O[C@H]1C[C@@H](C)C[C@@H]2C=C[C@H](C(C)C)[C@H](CCC(=O)C[C@@H](O)CC(=O)OC)[C@@H]12, 6000
645,COc1ccc(cc1)[C@@H]1OC(=O)C(CC\C=C(/C)CCC=C(C)C)=C1, 6210
647,O[C@@H]1C[C@H](OC(=O)C1)\C=C\c1c(Cl)cc(Cl)cc1OC(c1ccccc1)c1ccccc1, 6300
648,CC(C)c1ccc(-c2ccc(F)cc2F)n1CC[C@@H]1C[C@@H](O)CC(=O)O1, 6310
649,COc1ccccc1-c1ccc(C(C)C)n1CC[C@@H]1C[C@@H](O)CC(=O)O1, 6310
650,Cc1ccc(-c2ccc(O)cc2)n1CC[C@@H]1C[C@@H](O)CC(=O)O1, 6310
651,Cc1ccc(C2CC3CC2C=C3)n1CC[C@@H]1C[C@@H](O)CC(=O)O1, 6310
652,CCCC(=O)c1cc(OC)c(OCC(=O)OC)cc1O, 6430
653,Cc1cc(C)c(OCC2C[C@@H](O)CC(=O)O2)c(c1)C(Cl)C1CCCCC1, 6500
654,CC(C)=CCC\C(C)=C\CCC1=C[C@@H](OC1=O)c1ccccc1O, 6760
655,O[C@@H]1C[C@H](OC(=O)C1)\C=C\c1c(Sc2ccc(F)cc2)c2cc(F)ccc2nc1C1CC1, 6930
656,NCC(=O)N[C@@H](Cc1ccc(F)cc1)C(=O)N1CCC[C@H]1C(=O)N[C@@H](CC(O)=O)C(=O)NCC(=O)NCC(O)=O, 6950
657,O[C@@H]1CC(CCc2ccc(Cl)c3cc(Cl)ccc23)OC(=O)C1, 7000
658,CCCCCCCCC#CC#CC(O)CCCCC(O)=O, 7000
659,CC[C@H](C)C(=O)O[C@H]1C[C@H]2[C@@H](CC[C@@H]3C[C@H](O)CC[C@]23C)[C@@H]2CCC([C@H](C)C[C@H]3C[C@@H](O)CC(=O)O3)[C@@]12C, 7000
660,COc1cccc(Sc2cc3nc(C4CC4)c(\C=C\[C@@H]4C[C@@H](O)CC(=O)O4)c(Sc4cccc(OC)c4)c3cc2F)c1, 7100
661,CCC(CC)(c1ccc(\C=C\[C@@H](O)C[C@@H](O)CC([O-])=O)c(c1)C(C)C)c1ccccc1F, 7400
662,O[C@@H]1C[C@H](OC(=O)C1)\C=C\c1ccccc1Cl, 7400
663,CC(C)=CCC\C(C)=C\CCC1=C[C@@H](OC1=O)c1ccc(cc1)[N+]([O-])=O, 7430
664,CC(\C=C\[C@@H](O)C[C@@H](O)CC([O-])=O)=C(c1ccc(F)cc1)c1ccc(F)cc1, 7900
665,O[C@@H]1C[C@H](OC(=O)C1)\C=C\c1c(Cl)cccc1Cl, 7900
666,O[C@@H]1CC(CCc2c(O)cc(Cl)cc2Cl)OC(=O)C1, 7900
668,O[C@@H]1C[C@H](OC(=O)C1)\C=C\c1cnc2c(F)c(F)c(F)cc2c1Sc1ccc(F)cc1, 7930
669,O[C@H](C[C@H](O)\C=C\C(C#N)=C(c1ccc(F)cc1)c1ccc(F)cc1)CC([O-])=O, 8000
671,C[C@H]1C[C@@H](O[C@@]11CC[C@]2(C)C[C@H]3[C@@H](C(=O)C=C3C)\C(C=O)=C/C[C@@H]12)C=C(C)C, 8400
672,O[C@H](C[C@H](O)\C=C\c1c2CCCC(C3CCCCC3)c2nn1-c1ccc(F)cc1)CC([O-])=O, 8500
673,CC(C)[C@H](NC(=O)[C@H](Cc1ccc(F)cc1)NC(=O)CNC(=O)[C@@H](N)Cc1ccccc1)C(=O)N[C@@H](C)C(=O)N[C@@H](CCC(O)=O)C(O)=O, 8520
674,C[C@H](CC\C=C(/C)C(O)=O)[C@H]1CC[C@@]2(C)C3=CC[C@H]4C(C)(C)[C@@H](O)CC[C@]4(C)C3=CC[C@]12C, 8600
675,COCOc1ccccc1[C@@H]1OC(=O)C(CC\C=C(/C)CCC=C(C)C)=C1, 8900
680,COc1cccc(Sc2c(\C=C\[C@@H]3C[C@@H](O)CC(=O)O3)cnc3cc(Cl)c(F)cc23)c1, 9240
681,O[C@H](C[C@H](O)\C=C\c1c2CCc3ccccc3-c2nn1-c1ccc(F)cc1)CC([O-])=O, 9400
683,C[C@H](CC\C=C(\C)C(O)=O)[C@H]1CC[C@@]2(C)C3=C(CC[C@]12C)[C@@]1(C)CCC(=O)C(C)(C)[C@@H]1CC3=O, 9500
688,CC(C)c1ccc(-c2ccccc2Cl)n1CC[C@@H]1C[C@@H](O)CC(=O)O1, 10000
689,CC(C)c1nn(c(c1CCC1CC(=O)CC(=O)O1)-c1ccc(F)cc1)-c1ccccc1, 10000
695,CC(C)(O)CCCCc1cccc(\C=C\[C@@]2(C)CC[C@H](O)CC2)c1, 10000
697,Cc1ccc(-c2ccc(Cl)cc2)n1CC[C@@H]1C[C@@H](O)CC(=O)O1, 10000
699,O[C@H](C[C@H](O)\C=C\c1c(nc2ccccc2c1-c1ccc(F)cc1)C1CC1)CC([O-])=O, 10550
700,CC(C)c1ccc(Sc2cc3ncc(\C=C\[C@@H]4C[C@@H](O)CC(=O)O4)c(Sc4ccc(cc4)C(C)C)c3cc2F)cc1, 10600
701,O[C@@H]1C[C@H](OC(=O)C1)\C=C\c1cnc2c(F)c(F)c(F)cc2c1Sc1ccccc1, 10670
702,C[C@H](CC\C=C(/C)C(O)=O)[C@H]1CC(=O)[C@@]2(C)C3=C(C(=O)[C@H](O)[C@]12C)[C@@]1(C)CCC(=O)[C@@](C)(COC(=O)C[C@@](C)(O)CC(O)=O)[C@@H]1CC3=O, 10700
703,COCCOCOc1cc(Cl)cc(Cl)c1\C=C\[C@@H]1C[C@@H](O)CC(=O)O1, 11000
704,O[C@H](C[C@H](O)\C=C\c1c2CCCc2nn1-c1ccc(F)cc1)CC([O-])=O, 11000
705,COc1cccc(c1)-c1ccc(C)n1CC[C@@H]1C[C@@H](O)CC(=O)O1, 11000
706,CC(C)c1ccc(Sc2c(\C=C\[C@@H]3C[C@@H](O)CC(=O)O3)c(nc3ccccc23)C2CC2)cc1, 11300
707,O[C@@H]1C[C@H](OC(=O)C1)\C=C\c1cnc2c(Sc3ccc(F)cc3)c(Sc3ccc(F)cc3)c(F)cc2c1Sc1ccc(F)cc1, 11940
710,Cc1ccc(-c2cccc(O)c2)n1CC[C@@H]1C[C@@H](O)CC(=O)O1, 12000
712,[Na+].C[C@H](CC(O)CC(O)CC([O-])=O)[C@H]1CC[C@H]2[C@@H]3[C@H](O)C[C@@H]4C[C@H](O)CC[C@]4(C)[C@H]3C[C@H](OC(=O)C(C)(C)C)[C@]12C, 12300
713,CC(C)=CCC\C(C)=C\CCC1=C[C@@H](OC1=O)c1cc(O)ccc1O, 12300
714,C[C@H](CC\C=C(\C)C(O)=O)[C@H]1CC[C@@]2(C)C3=CC[C@H]4C(C)(C)C(=O)CC[C@]4(C)C3=CC[C@]12C, 12500
719,C[C@H](CCC=C(CO)CO)[C@H]1CC[C@@]2(C)C3=C(CC[C@]12C)[C@@]1(C)CCC(=O)C(C)(C)[C@@H]1CC3=O, 12600
720,CC(C)c1ccc(Sc2c(\C=C\[C@@H]3C[C@@H](O)CC(=O)O3)cnc3ccccc23)cc1, 12650
721,CCCCCOc1c(Cl)cc(Cl)cc1\C=C\[C@@H]1C[C@@H](O)CC(=O)O1, 13000
722,O[C@@H]1CC(CCc2c(Cl)cc(Cl)cc2OCc2ccc(cc2)C(F)(F)F)OC(=O)C1, 13000
723,Cc1ccc(-c2ccccc2)n1CC[C@@H]1C[C@@H](O)CC(=O)O1, 13000
724,Cc1ccc(C(c2ccccc2)c2ccccc2)n1CC[C@@H]1C[C@@H](O)CC(=O)O1, 13000
725,COc1ccc(OC)c(c1)[C@@H]1OC(=O)C(CC\C=C(/C)CCC=C(C)C)=C1, 13150
726,C[C@@H]1C[C@H](OC(=O)NCCCCCCC(=O)NO)[C@@H]2[C@@H](CC[C@@H]3C[C@H](CC(=O)O3)O[Si](C)(C)C(C)(C)C)[C@@H](C)C=CC2=C1, 13200
728,C[C@H](CC\C=C(/C)C(O)=O)[C@H]1CC(=O)[C@@]2(C)C3=C(C(=O)C[C@]12C)[C@@]1(C)CCC(=O)[C@@](C)(COC(=O)C[C@@](C)(O)CC(O)=O)[C@@H]1CC3=O, 13300
729,CC(C)n1nnnc1C(\C=C\[C@@H](O)C[C@@H](O)CC([O-])=O)=C(c1ccc(F)cc1)c1ccc(F)cc1, 14000
730,CC(C)c1ccc(Sc2cc3ncc(\C=C\[C@@H]4C[C@@H](O)CC(=O)O4)c(Sc4ccc(cc4)C(C)C)c3cc2Sc2ccc(cc2)C(C)C)cc1, 14150
731,CCc1ccc(cc1)[C@@H]1OC(=O)C(CC\C=C(/C)CCC=C(C)C)=C1, 14200
732,CC(C)c1nc(nc(-c2ccc(F)cc2)c1\C=C\[C@@H](O)C[C@@H](O)CC(=O)NO)N(C)S(C)(=O)=O, 14900
734,CCC(C)(C)C(=O)NC(C1CCCCC1)c1cc(C)cc(C)c1OCC(O)C[C@@H](O)CC([O-])=O, 15000
735,O[C@@H]1C[C@@H](CCc2ccc(Cl)cc2Cl)OC(=O)C1, 15200
736,COc1cccc(Sc2cc3ncc(\C=C\[C@@H]4C[C@@H](O)CC(=O)O4)c(Sc4cccc(OC)c4)c3cc2Sc2cccc(OC)c2)c1, 15370
737,CC(C)c1ccc(Sc2ccc3c(Sc4ccc(cc4)C(C)C)c(\C=C\[C@@H]4C[C@@H](O)CC(=O)O4)cnc3c2)cc1, 15750
742,CC(C)c1ccc(-c2cc(C)ccc2C)n1CC[C@@H]1C[C@@H](O)CC(=O)O1, 16000
743,Cc1ccc(-c2ccc3ccccc3c2)n1CC[C@@H]1C[C@@H](O)CC(=O)O1, 16000
744,C[C@@H]1C[C@H](OC(=O)NCc2ccc(cc2)-c2cn(CCCCCCC(=O)NO)nn2)[C@@H]2[C@@H](CC[C@@H]3C[C@H](CC(=O)O3)O[Si](C)(C)C(C)(C)C)[C@@H](C)C=CC2=C1, 16100
745,CC(C)=CCC\C(C)=C\CCC1=C[C@@H](OC1=O)c1ccccc1, 16480
746,C[C@H](CC[C@H](O)[C@](C)(O)CO)[C@H]1CC[C@@]2(C)C3=CC[C@H]4C(C)(C)C(=O)CC[C@]4(C)C3=CC[C@]12C, 16800
748,C[C@@H](O)[C@H](NC(=O)[C@@H]1CCCN1C(=O)[C@H](Cc1ccccc1)NC(=O)CN)C(=O)NCC(=O)NCC(O)=O, 16940
749,O[C@@H]1C[C@H](OC(=O)C1)\C=C\c1ccc(OCc2ccc(F)cc2)c(Cl)c1Cl, 17000
750,O[C@@H]1C[C@@H](CCn2c(ccc2-c2ccc(F)cc2)C2CCC2)OC(=O)C1, 17000
751,C[C@H](CC\C=C(/C)C(O)=O)[C@H]1CC[C@@]2(C)C3=C(C(=O)C[C@]12C)[C@@]1(C)CCC(=O)[C@@](C)(CO)[C@@H]1C[C@@H]3O, 17100
752,CC(C)c1nn(c(c1C(=C)[C@H]1C[C@H](O)CC(=O)O1)-c1ccc(F)cc1)-c1ccccc1, 17800
753,CC(C)=CCC\C(C)=C\CCC1=C[C@@H](OC1=O)c1ccc(C)cc1, 18120
754,O[C@@H]1C[C@H](OC(=O)C1)\C=C\c1cnc2ccccc2c1Sc1ccc(F)cc1, 18560
755,C[C@H](CC[C@H](O)[C@](C)(O)COC(=O)C(\CC\C=C(/C)CCC=C(C)C)=C/Cc1cc(O)ccc1O)[C@H]1CC[C@@]2(C)C3=CC[C@H]4C(C)(C)C(=O)CC[C@]4(C)C3=CC[C@]12C, 18900
756,CC(C)=CCC\C(C)=C\CCC1=C[C@@H](OC1=O)c1ccccc1[N+]([O-])=O, 18910
759,CC(C)C[C@H](NC(=O)CN)C(=O)N1CCC[C@H]1C(=O)N[C@@H]([C@@H](C)O)C(=O)NCC(=O)NCC(O)=O, 19430
761,C[C@@]1(O)C[C@@H](CCc2ccc(Cl)cc2Cl)OC(=O)C1, 19800
765,C[C@@]1(O)C[C@H](OC(=O)C1)\C=C\c1ccc(Cl)cc1Cl, 20000
766,Cc1c(OCC(O)C[C@@H](O)CC([O-])=O)c(cc2ccccc12)C(c1ccc(F)cc1)c1ccc(F)cc1, 20000
767,Cc1ccc(-c2ccc(F)cc2)n1-c1ccc(cc1)[C@@H]1C[C@@H](O)CC(=O)O1, 20000
775,C[C@H](CC\C=C(/C)C(O)=O)[C@H]1CC(=O)[C@@]2(C)C3=C(C(=O)[C@H](OC(C)=O)[C@]12C)[C@@]1(C)CCC(=O)[C@@](C)(CO)[C@@H]1CC3=O, 20500
776,CC(C)n1c(\C=C\C(O)C[C@@H](O)CC([O-])=O)c(-c2ccc(F)cc2)c2ccccc12, 21210
777,C[C@H](CC\C=C(/C)C(O)=O)[C@H]1C[C@H](O)[C@@]2(C)C3=CC[C@H]4C(C)(C)C(=O)CC[C@]4(C)C3=CC[C@]12C, 21700
781,O[C@@H]1C[C@H](OC(=O)C1)\C=C\c1ccc(Cl)cc1Cl, 22000
782,CC(C)c1ccc(Sc2c(\C=C\[C@@H]3C[C@@H](O)CC(=O)O3)cnc3cc(Cl)c(F)cc23)cc1, 22050
783,C[C@H](CC\C=C(/C)C(O)=O)[C@H]1CC[C@@]2(C)C3=C(CC[C@]12C)[C@@]1(C)CC[C@H](O)C(C)(C)[C@@H]1CC3=O, 22300
785,C[C@@H]1C[C@H](OC(=O)Nc2ccc(cc2)-c2cn(CCCCCCC(=O)NO)nn2)[C@@H]2[C@@H](CC[C@@H]3C[C@H](CC(=O)O3)O[Si](C)(C)C(C)(C)C)[C@@H](C)C=CC2=C1, 22300
786,CC(C)C[C@H](NC(=O)CN)C(=O)N1CCC[C@H]1C(=O)N[C@@H](CC(O)=O)C(=O)NCC(=O)NCC(O)=O, 22310
789,O[C@@H]1CC(CCc2ccc(Br)c3ccccc23)OC(=O)C1, 23300
791,C[C@H](CC[C@H](OC(=O)C(\CC\C=C(/C)CCC=C(C)C)=C/Cc1cc(O)ccc1O)[C@](C)(O)CO)[C@H]1CC[C@@]2(C)C3=CC[C@H]4C(C)(C)C(=O)CC[C@]4(C)C3=CC[C@]12C, 24100
796,COc1ccc2ccccc2c1-c1ccc(C(C)C)n1CC[C@@H]1C[C@@H](O)CC(=O)O1, 25119
798,Cc1ccc(-c2ccc(cc2)-c2ccccc2)n1CC[C@@H]1C[C@@H](O)CC(=O)O1, 25119
799,COc1ccccc1-c1ccc(C)n1CC[C@@H]1C[C@@H](O)CC(=O)O1, 25119
801,CC(C)=CCC\C(C)=C\CCC1=C[C@@H](OC1=O)c1cc(F)ccc1F, 25120
802,COc1ccc2nc(C3CC3)c(\C=C\[C@@H]3C[C@@H](O)CC(=O)O3)c(Sc3ccc(F)cc3)c2c1, 25700
803,CCC(CC)(c1ccc(F)cc1)c1ccc(\C=C\[C@@H](O)C[C@@H](O)CC([O-])=O)c(c1)C(C)C, 26000
804,C[C@H](CC\C=C(/C)C(O)=O)[C@H]1CC(=O)[C@@]2(C)C3=C(C(=O)[C@H](OC(C)=O)[C@]12C)[C@@]1(C)CCC(=O)[C@@](C)(COC(=O)C[C@@](C)(O)CC(O)=O)[C@@H]1C[C@@H]3O, 26400
805,C[C@H](CC\C=C(/C)C(O)=O)[C@H]1CC[C@@]2(C)C3=C(C(=O)[C@H](OC(C)=O)[C@]12C)[C@@]1(C)CCC(=O)[C@@](C)(CO)[C@@H]1C[C@@H]3O, 26600
807,CC(C)C[C@H](NC(=O)CN)C(=O)N1CCC[C@H]1C(=O)N[C@@H](CCC(O)=O)C(=O)NCC(=O)NCC(O)=O, 27280
808,COc1ccc(cc1)-c1ccc(C)n1CC[C@@H]1C[C@@H](O)CC(=O)O1, 28000
809,CC(C)=CCC\C(C)=C\CC\C(=C\Cc1cc(O)ccc1O)C(O)=O, 29300
810,Cc1ccc(\C=C\[C@@H]2C[C@@H](O)CC(=O)O2)c(C)c1, 29900
813,Cn1nnc(n1)C(\C=C\[C@@H](O)C[C@@H](O)CC([O-])=O)=C(c1ccc(F)cc1)c1ccc(F)cc1, 30000
817,C[C@@H]1CC[C@]2(C)[C@H](CCC=C2C)[C@@]1(C)CCC1=CC(=O)O[C@@H]1O, 30200
819,Cc1ccc(-c2ccccc2O)n1CC[C@@H]1C[C@@H](O)CC(=O)O1, 31623
820,CCC(CC)c1ccc(-c2ccc(F)cc2)n1CC[C@@H]1C[C@@H](O)CC(=O)O1, 32000
823,O[C@@H]1C[C@H](OC(=O)C1)\C=C\c1cnc2cc(Sc3ccccc3)c(Sc3ccccc3)cc2c1Sc1ccccc1, 32550
824,C[C@H](CCC=C(CO)CO)[C@H]1CC[C@@]2(C)C3=C(C(=O)C[C@]12C)[C@@]1(C)CCC(=O)C(C)(C)[C@@H]1CC3=O, 32900
825,O[C@@H]1C[C@H](OC(=O)C1)\C=C\c1ccc(Cl)c(Cl)c1, 35000
826,CC(CCOc1cc(Cl)cc(Cl)c1\C=C\[C@@H]1C[C@@H](O)CC(=O)O1)CC(C)(C)C, 38000
827,CC(C)=CCC\C(C)=C\CCC1=C[C@@H](OC1=O)c1cc(F)c(F)c(F)c1, 38220
828,O[C@@H]1C[C@H](OC(=O)C1)\C=C\c1cnc2cc(Sc3ccc(F)cc3)c(F)cc2c1Sc1ccc(F)cc1, 38930
829,[Na+].C[C@H](CC(O)CC(O)CC([O-])=O)[C@H]1CC[C@H]2[C@@H]3[C@@H](C[C@@H]4C[C@@H](CC[C@]4(C)[C@H]3C[C@H](OC(C)=O)[C@]12C)OC(C)=O)OC(C)=O, 39200
832,CC(C)c1ccc(-c2ccc(F)cc2)n1CC(C)[C@@H]1C[C@@H](O)CC(=O)O1, 40000
835,COc1ccc2nc(C3CC3)c(\C=C\[C@@H]3C[C@@H](O)CC(=O)O3)c(Sc3ccc(cc3)C(C)C)c2c1, 41300
836,CC(C)[C@H](NC(=O)[C@@H](N)Cc1ccc(O)cc1)C(=O)N[C@@H](C)C(=O)N[C@@H](CCC(O)=O)C(O)=O, 41800
837,CC(C)[C@H](NC(=O)[C@@H](N)Cc1ccccc1)C(=O)N[C@@H](C)C(=O)N[C@@H](CCC(O)=O)C(O)=O, 43800
838,O[C@@H]1CC(CCc2ccccc2-c2ccccc2)OC(=O)C1, 44000
841,CC(C)=CCC\C(C)=C\CC\C(=C\C(=O)c1cc(O)ccc1O)C(O)=O, 45200
842,O[C@@H]1C[C@H](OC(=O)C1)\C=C\c1c(Sc2ccc(F)cc2)c2cc(F)c(Sc3ccc(F)cc3)cc2nc1C1CC1, 45700
843,COc1cccc(Sc2c(F)cc3c(Sc4cccc(OC)c4)c(\C=C\[C@@H]4C[C@@H](O)CC(=O)O4)cnc3c2F)c1, 49670
844,CC(C)=CCC\C(C)=C\CCC1=C[C@@H](OC1=O)c1ccc2ccccc2c1, 49820
846,CCCCCCCCCCCCCC(O)(CC(O)=O)CC(O)=O, 50000
847,CCCCCCCCCCCCCCCC(O)(CC(O)=O)CC(O)=O, 50000
849,CC(C)[C@H](NC(=O)[C@H](C)NC(=O)[C@@H](N)Cc1ccc(O)cc1)C(=O)N[C@@H](CCC(O)=O)C(O)=O, 52600
850,CC[C@H](C)[C@H](N)C(=O)N[C@@H](C(C)C)C(=O)N[C@@H](C)C(=O)N[C@@H](CCC(O)=O)C(O)=O, 52670
851,Cc1ccc(-c2ccc(F)cc2)n1CCC[C@@H]1C[C@@H](O)CC(=O)O1, 53000
852,O[C@@H]1C[C@H](OC(=O)C1)\C=C\c1ccc(cc1)-c1ccccc1, 55000
853,COC1(OC(=O)C(CC\C=C(/C)CC\C=C(/C)C=O)=C1)c1cc(O)ccc1O, 56900
855,O[C@@H]1C[C@H](OC(=O)C1)\C=C\c1c(Sc2ccc(F)cc2)c2ccccc2nc1C1CC1, 62400
856,Cc1ccc(-c2ccc(F)cc2)n1-c1cccc(c1)[C@@H]1C[C@@H](O)CC(=O)O1, 63000
857,O[C@@H]1C[C@H](OC(=O)C1)\C=C\c1cccc(Cl)c1Cl, 64400.0
858,CCCc1cc(OC)c(OCC(=O)OC)cc1O, 66500
859,C[C@H](CC\C=C(/C)C(O)=O)[C@H]1CC[C@@]2(C)C3=C(C(=O)[C@H](O)[C@]12C)[C@@]1(C)CCC(=O)[C@@](C)(CO)[C@@H]1C[C@@H]3O, 66900
863,COc1cc(Cl)c(\C=C\C)cc1OC, 71400
864,COc1cc(CC=C)ccc1OCC(O)=O, 73400
865,CCCc1cc(OC)c(OC)cc1O, 73600
866,COc1cccc(Sc2c(F)cc3c(Sc4cccc(OC)c4)c(\C=C\[C@@H]4C[C@@H](O)CC(=O)O4)cnc3c2Sc2cccc(OC)c2)c1, 74550
868,CC[C@H](C)[C@H](N)C(=O)N[C@@H](C)C(=O)N[C@@H](C(C)C)C(=O)N[C@@H](CCC(O)=O)C(O)=O, 75230
869,COc1cc(O)c(CC=C)cc1OC, 78800
871,CC(CCc1ccc2c(c1)-c1ccccc1S2(=O)=O)CC(O)=O, 80000
872,CC(CCc1ccc(Oc2ccccc2)cc1)CC(O)=O, 80000
873,CC(CCc1ccc(cc1)S(=O)(=O)c1ccccc1)CC(O)=O, 80000
874,CC(CCc1ccc(cc1)-c1ccccc1)CC(O)=O, 80000
876,CCCCCc1cc(OC)c(OC)cc1OC, 84600
877,COc1cccc(OC)c1-c1ccc(C(C)C)n1CC[C@@H]1C[C@@H](O)CC(=O)O1, 87000
878,O[C@@H]1CC(CC[C@@H]2CC[C@H]3CCCC[C@@H]3C2)OC(=O)C1, 90000
879,CC(CC(O)=O)CC(=O)c1ccc2CCc3ccccc3-c2c1, 90000
880,COC(=O)COc1ccccc1C, 91300
881,CCC(CC)(c1cccc(F)c1)c1ccc(\C=C\[C@@H](O)C[C@@H](O)CC([O-])=O)c(c1)C(C)C, 92000
882,CCCc1cc(OC)c(OCC(=O)OC)cc1N, 92900
884,CC[C@H](C)[C@H](N)C(=O)N[C@@H](C)C(=O)N[C@@H](C(C)C)C(=O)N1CCC[C@H]1C(O)=O, 97100
885,C[C@H](CC\C=C(/C)C(O)=O)[C@H]1CC(=O)[C@@]2(C)C3=C(C(=O)[C@H](OC(C)=O)[C@]12C)[C@@]1(C)CCC(=O)[C@@](C)(CO)[C@@H]1C[C@@H]3O, 97500
899,CCCCCCCCCCCCCCCCC(O)(CC(O)=O)CC(O)=O, 100000
900,CCCCCCCCCCCCCCCCCC(O)(CC(O)=O)CC(O)=O, 100000
901,CCCCCCCCCCC(O)(CC(O)=O)CC(O)=O, 100000
902,CC(CCc1ccc(Sc2ccccc2)cc1)CC(O)=O, 100000
906,Cc1ccc(-c2ccc(F)cc2)n1-c1ccccc1[C@@H]1C[C@@H](O)CC(=O)O1, 100000
909,O[C@@H]1C[C@@H](CCn2c(ccc2-c2ccc(F)cc2)C2CCCCC2)OC(=O)C1, 100000
910,CCC(CC)c1ccc(C(CC)CC)n1CC[C@@H]1C[C@@H](O)CC(=O)O1, 100000
911,Cc1ccc(-c2cccc3ccccc23)n1CC[C@@H]1C[C@@H](O)CC(=O)O1, 100000
915,O[C@@H]1C[C@@H](CC[C@@H]2CCC[C@@H]3CCCC[C@H]23)OC(=O)C1, 107000
917,CCCCCC[C@@H]1C[C@@H]1CCCCCCCCCC(=O)OCC(O)COP([O-])(=O)OCC[N+](C)(C)C, 112000
918,CC(C)c1ccc(cc1)[C@@H]1OC(=O)C(CC\C=C(/C)CCC=C(C)C)=C1, 112120
919,O[C@@H]1C[C@H](OC(=O)C1)\C=C\c1c(Cl)cc(Cl)cc1OCc1cc[n+]([O-])cc1, 117000
920,O[C@@H]1C[C@H](OC(=O)C1)\C=C\c1c(Cl)cc(Cl)cc1OCc1ccc[n+]([O-])c1, 122000
921,COc1cc(\C=C\C)ccc1OCCNC(=O)c1ccc(Cl)cc1, 128800
922,O[C@@H]1CC(CCc2cccc3ccccc23)OC(=O)C1, 129000
923,CC(C)n1nnnc1C(C=C=C[C@@H](O)C[C@@H](O)CC([O-])=O)=C(c1ccc(F)cc1)c1ccc(F)cc1, 130000
924,CCCCCCCCCCCCCCC(O)(CC(O)=O)CC(O)=O, 130000
925,CCCc1cc(OC)c(OCC(O)=O)cc1[N+]([O-])=O, 135000
926,COc1cc(CC=C)c(cc1OCC(O)=O)[N+]([O-])=O, 144400
928,CC[C@H](C)[C@H](N)C(=O)N[C@@H](C)C(=O)N[C@@H](C(C)C)C(=O)N1CCC[C@H]1C(=O)N[C@@H]([C@@H](C)O)C(=O)NCC(=O)N[C@@H](C(C)C)C(=O)N[C@@H](C)C(O)=O, 152190
929,CCC(O)c1cc(OC)c(OC)cc1N, 153000
930,CCOC(=O)COc1ccc(CC=C)cc1OC, 155600
932,COc1cc(N)c(\C=C\C)cc1OC, 167200
934,CCOC(=O)COc1cccc(C)c1, 181800
936,CCc1ccc(OCC(=O)OC)c(c1)[N+]([O-])=O, 197100
937,CCn1nnc(n1)C(\C=C\[C@@H](O)C[C@@H](O)CC([O-])=O)=C(c1ccc(F)cc1)c1ccc(F)cc1, 200000
938,CC[C@H](C)[C@H](N)C(=O)N[C@@H](C)C(=O)N[C@@H](C(C)C)C(=O)N1CCC[C@H]1C(=O)NCC(=O)N[C@@H](CCC(O)=O)C(=O)N[C@@H](C(C)C)C(=O)N[C@@H](C)C(O)=O, 201120
939,Cn1nnnc1\C(\C=C\C(O)CC(O)CC([O-])=O)=C/c1ccc(F)cc1, 210000
940,CCCCc1cc(OC)c(OC)cc1OC, 218800
941,COc1cc(CC=C)ccc1OCCNC(=O)c1cccc(Cl)c1, 238800
944,CCCCCCCCCCCCCCCC1(O)CC(=O)OC(=O)C1, 250000
947,CC(CCc1ccc2CCc3ccccc3-c2c1)CC(O)=O, 270000
948,O[C@@H]1C[C@H](OC(=O)C1)\C=C\c1ccccc1, 284000
953,CC[C@H](C)C(=O)OCc1ccccc1CCC(=O)C[C@@H](O)CC(O)=O, 320000
954,CCCCCCCCCCCCCCCCCCCC(O)(CC(O)=O)CC(O)=O, 350000
955,COc1cccc(Sc2c(\C=C\[C@@H]3C[C@@H](O)CC(=O)O3)c(nc3cc(F)c(F)cc23)C2CC2)c1, 359600
957,CC[C@H](C)C(=O)O[C@H]1C[C@@H](C)[C@H](O)C2=C[C@@H](O)[C@H](C)[C@H](CC[C@@H]3CC=CC(=O)O3)[C@@H]12, 387000
958,CC(CC(O)=O)CC(=O)c1ccc2oc3ccccc3c2c1, 430000
961,CC(C)C[C@H](N)C(=O)N1CCC[C@H]1C(=O)N[C@@H](Cc1ccc(O)cc1)C(=O)N1CCC[C@H]1C(O)=O, 484720
962,CCc1ccccc1OCC(=O)OC, 505900
964,OC(CCc1ccccc1)CC(O)CC(O)=O, 600000
966,CCCCCCCCCCCCCCCC1(O)CCOC(=O)C1, 750000
967,CC(C)c1ccc(Sc2c(\C=C\[C@@H]3C[C@@H](O)CC(=O)O3)c(nc3cc(F)c(F)cc23)C2CC2)cc1, 759000
968,CC(CC(O)=O)CC(=O)c1ccc(Sc2ccccc2)cc1, 780000
971,CCOC(=O)C(C)(C)Oc1ccc(Cl)cc1, 860000
972,CC(CCc1ccc2sc3ccccc3c2c1)CC(O)=O, 860000
973,CCCCCCCCCCCCCCCC(O)(CC(O)=O)CC(=O)OCC, 900000
974,CC(CC(O)=O)CC(=O)c1ccc2sc3ccccc3c2c1, 930000
978,CCCCCCCCCCCCCCCC1(O)CCOC(O)C1, 1000000
980,CC(CC(O)=O)CC(=O)c1ccc(cc1)-c1ccccc1, 1200000
981,CCc1ccc(OCC(=O)OC)cc1, 1315800
982,CC(CCc1ccc2oc3ccccc3c2c1)CC(O)=O, 1600000
983,CCOC(=O)COc1cccc(CC)c1, 1615200
984,CC(CC(O)=O)CC(=O)c1ccc(Oc2ccccc2)cc1, 2100000
985,COc1cc(OC)c(\C=C\C)cc1OC, 2488000
1057,[Na+].CC(C)c1nc(cc(-c2ccc(F)cc2)c1\C=C\[C@@H](O)C[C@@H](O)CC([O-])=O)-c1ccccc1, 2
1058,CC(C)c1nc(nc(-c2ccc(F)cc2)c1\C=C\[C@@H]1C[C@@H](O)CC(OCC(Cl)(Cl)Cl)O1)N(C)S(C)(=O)=O, 2
1059,CC(C)c1nc(nc(-c2ccc(F)cc2)c1\C=C\[C@@H]1C[C@H](CC(OCC(Cl)(Cl)Cl)O1)OCc1ccccc1)N(C)S(C)(=O)=O, 2
1060,COc1ccc(OC2C[C@H](O)C[C@H](O2)\C=C\c2c(nc(nc2-c2ccc(F)cc2)N(C)S(C)(=O)=O)C(C)C)c(OC)c1, 2
1062,CC(C)c1c(CC[C@@H](O)C[C@@H](O)CC(O)=O)n(nc1C(=O)N1CCC[C@@H](C1)c1ccccc1)-c1ccc(F)cc1, 2.1
1063,CC[C@@H](C)C(=O)O[C@H]1C[C@@H](C)C=C2C=C[C@H](C)[C@H](CC[C@@H]3C[C@@H](O)CC(=O)O3)C12, 2.2
1064,CC[C@@H](C)C(=O)O[C@H]1C[C@@H](C)C=C2C=C[C@H](C)[C@H](CC[C@@H]3C[C@@H](O)CC(=O)O3)[C@@H]12, 2.2
1065,CC(C)c1c(CC[C@@H](O)C[C@@H](O)CC([O-])=O)n(nc1C(=O)NCc1cccc(c1)C#N)-c1ccc(F)cc1, 2.2
1068,CC(C)n1c(CC[C@@H](O)C[C@@H](O)CC([O-])=O)c(c(c1C(=O)NCc1ccc(cc1)C(O)=O)-c1ccccc1)-c1ccc(F)cc1, 2.2
1069,CC(C)c1nc(nc(-c2ccc(F)cc2)c1\C=C\[C@@H](O)C[C@@H](O)CC(O)=O)N(c1ccnn1C)S(C)(=O)=O, 2.2
1070,CC(C)c1nc(Nc2ccon2)nc(-c2ccc(F)cc2)c1\C=C\[C@@H](O)C[C@@H](O)CC(O)=O, 2.3
1071,CC(C)n1c(CC[C@@H](O)C[C@@H](O)CC([O-])=O)c(c(c1C(=O)Nc1ccccc1)-c1ccccn1)-c1ccc(F)cc1, 2.4
1072,CC(C)c1nc(Nc2ccnn2C)nc(-c2ccc(F)cc2)c1\C=C\[C@@H](O)C[C@@H](O)CC(O)=O, 2.4
1075,CC(C)c1c(CC[C@@H](O)C[C@@H](O)CC(O)=O)n(nc1C(=O)NCc1ccc(C)cc1)-c1ccc(F)cc1, 2.5
1076,CC(C)c1nc(nc(-c2ccc(F)cc2)c1\C=C\[C@@H](O)C[C@@H](O)CC(O)=O)N(C)c1ccnn1C, 2.5
1077,CC(C)c1nc(nc(-c2ccc(F)cc2)c1\C=C\[C@@H](O)C[C@@H](O)CC(O)=O)N(C)c1ccn(C)n1, 2.5
1078,CC(C)n1c(CC[C@@H](O)C[C@@H](O)CC([O-])=O)c(c(c1C(=O)NCc1cc(C)n[nH]1)-c1ccccc1)-c1ccc(F)cc1, 2.6
1079,CC(C)c1c(c(c(-c2ccc(F)cc2)n1CC[C@@H](O)C[C@@H](O)CC([O-])=O)-c1ccccc1)S(=O)(=O)N1CCCC1, 2.6
1080,CC(C)c1nc(-c2ccccc2)n(c1\C=C\[C@@H](O)C[C@@H](O)CC([O-])=O)-c1ccc(F)cc1, 2.6
1081,CC(C)c1cc(C(C)C)c(OCC(O)C[C@@H](O)CC([O-])=O)c(c1)-c1ccc(F)cc1, 2.7
1082,CC(C)c1c(c(c(-c2ccc(F)cc2)n1CC[C@@H](O)C[C@@H](O)CC([O-])=O)-c1ccccc1)S(=O)(=O)N1CCN(C)CC1, 2.7
1083,C[C@@H]1C[C@H](OC(=O)C(C)(C)C)C2[C@@H](CC[C@@H]3C[C@@H](O)CC(=O)O3)[C@@H](C)C=CC2=C1, 2.7
1084,COc1ccc(CNC(=O)c2nn(c(CC[C@@H](O)C[C@@H](O)CC([O-])=O)c2C(C)C)-c2ccc(F)cc2)cc1, 2.8
1085,CCn1c(CC[C@@H](O)C[C@@H](O)CC([O-])=O)c(c(C)c1C(=O)Nc1ccccc1)-c1ccc(F)cc1, 2.8
1088,CC(C)n1c(CC[C@@H](O)C[C@@H](O)CC([O-])=O)c(-c2ccc(F)cc2)c2c1c(=O)n(-c1cccc(Cl)c1)c1ccccc21, 2.9
1089,CC(C)c1c(c(c(-c2ccc(F)cc2)n1CC[C@@H](O)C[C@@H](O)CC([O-])=O)-c1ccccc1)S(=O)(=O)N1CCCCC1, 2.9
1090,C[C@@H]1C[C@H](OC(=O)CC=C)[C@@H]2[C@@H](CCC3C[C@@H](O)CC(=O)O3)[C@@H](C)C=CC2=C1, 2.9
1091,C[C@@H]1C[C@H](OC(=O)CC(C)=C)C2[C@@H](CC[C@@H]3C[C@@H](O)CC(=O)O3)[C@@H](C)C=CC2=C1, 2.9
1092,CC(C)n1c(CC[C@@H](O)C[C@@H](O)CC([O-])=O)c(c(c1C(=O)Nc1ccc(cc1)S(N)(=O)=O)-c1ccccc1)-c1ccc(F)cc1, 2.9
1093,CC(C)c1nc(nc(-c2ccc(F)cc2)c1\C=C\[C@@H](O)C[C@@H](O)CC(O)=O)N(c1ncnn1C)S(C)(=O)=O, 2.9
1094,CC(C)c1cc(-c2ccc(F)cc2)c(\C=C\[C@@H]2C[C@@H](O)CC(=O)O2)c(n1)C(C)C, 3
1095,CCc1nc(cc(-c2ccc(F)cc2)c1CCC1C[C@@H](O)CC(=O)O1)-c1ccccc1, 3
1096,CC(C)n1c(\C=C\[C@@H](O)C[C@@H](O)CC([O-])=O)c(-c2ccc(F)cc2)c2ccccc12, 3
1097,CC(C)c1c(CC[C@@H](O)C[C@@H](O)CC([O-])=O)c(cn1-c1ccccc1)-c1ccc(F)cc1, 3
1103,[Na+].CC(C)c1cc(-c2ccc(F)cc2)c(\C=C\[C@@H](O)C[C@@H](O)CC([O-])=O)c(n1)C(C)C, 3
1104,[Na+].CC(C)c1cc(nc(-c2ccc(F)cc2)c1\C=C\[C@@H](O)C[C@@H](O)CC([O-])=O)-c1ccccc1, 3
1105,CC(C)c1c(C(=O)Nc2ccccc2)c(c(-c2ccc(F)cc2)n1CC[C@@H]1C[C@H](CC(OC(C)(C)C)O1)OCc1ccccc1)-c1ccccc1, 3
1107,CCC(C)(C)C(=O)O[C@H]1C[C@H](C[C@@H]2C=C[C@H](C)[C@H](CC[C@@H]3C[C@@H](O)CC(=O)O3)[C@@H]12)\C=C\C, 3
1108,CC[C@H](C)C(=O)O[C@H]1C[C@@H](C)C=C2C=C[C@H](C)[C@H](CC[C@@H]3C[C@@H](O)CC(=O)O3)[C@@]12C, 3
1110,O[C@H](C[C@H](O)\C=C\c1c2CCCC(Cc3ccc(cc3)-c3ccccc3)c2nn1-c1ccc(F)cc1)CC([O-])=O, 3
1111,CC(C)n1c(CC[C@@H](O)C[C@@H](O)CC([O-])=O)c(-c2ccc(F)cc2)c2c1c(=O)n(Cc1ccccc1F)c1ccccc21, 3
1112,CC(C)n1c(CC[C@@H](O)C[C@@H](O)CC(O)=O)c(c(c1C(=O)N(C)Cc1ccccc1)-c1ccccc1)-c1ccc(F)cc1, 3
1113,CC(C)c1nc(nc(-c2ccc(F)cc2)c1\C=C\[C@@H]1C[C@H](CC(OCC=C)O1)OCc1ccccc1)N(C)S(C)(=O)=O, 3
1114,CC(C)n1c(CC[C@@H](O)C[C@@H](O)CC([O-])=O)c(c(c1C(N)=O)-c1ccccc1)-c1ccc(F)cc1, 3
1115,CC(C)c1nc(Nc2ncnn2C)nc(-c2ccc(F)cc2)c1\C=C\[C@@H](O)C[C@@H](O)CC(O)=O, 3
1120,CC(C)n1c(CC[C@@H](O)C[C@@H](O)CC([O-])=O)c(c(c1C(=O)NCc1ncc(C)[nH]1)-c1ccccc1)-c1ccc(F)cc1, 3.4
1121,O[C@H](CCn1c(nc(C(=O)NCc2ccc(F)cc2)c1C1CC1)-c1ccc(F)cc1)C[C@@H](O)CC([O-])=O, 3.4
1122,CC(C)n1c(CC[C@@H](O)C[C@@H](O)CC([O-])=O)c(c2CCCN(Cc3ccccc3)C(=O)c12)-c1ccc(F)cc1, 3.5
1123,CC(CC(=O)O[C@H]1C[C@@H](C)C=C2C=C[C@H](C)[C@H](CC[C@@H]3C[C@@H](O)CC(=O)O3)C12)C(F)(F)F, 3.5
1125,COc1ccc(CNC(=O)c2nc(-c3ccc(F)cc3)n(CC[C@@H](O)C[C@@H](O)CC([O-])=O)c2C2CC2)cc1F, 3.7
1126,CC(C)n1c(CC[C@@H](O)C[C@@H](O)CC([O-])=O)c(c(c1C(=O)NCc1ccccc1)-c1ccccn1)-c1ccc(F)cc1, 3.7
1127,CC(C)c1nc(nc(-c2ccc(F)cc2)c1\C=C\[C@@H](O)C[C@@H](O)CC(O)=O)N(c1ccn(C)n1)S(C)(=O)=O, 3.7
1129,C[C@@H]1C[C@H](OC(=O)C23CC4CC(CC(C4)C2)C3)C2[C@@H](CC[C@@H]3C[C@@H](O)CC(=O)O3)[C@@H](C)C=CC2=C1, 3.8
1130,CC(C)c1c(CC[C@@H](O)C[C@@H](O)CC([O-])=O)n(nc1C(=O)NCc1ccc(F)cc1)-c1ccc(F)cc1, 3.8
1131,CCN(Cc1ccccc1)C(=O)c1nn(c(CC[C@@H](O)C[C@@H](O)CC([O-])=O)c1C(C)C)-c1ccc(F)cc1, 3.8
1133,CC(C)n1c(CC[C@@H](O)C[C@@H](O)CC([O-])=O)c(c(c1C(=O)NC1CC1)-c1ccccc1)-c1ccc(F)cc1, 3.8
1134,CC(C)c1c(OC[C@@H](O)C[C@@H](O)CC(O)=O)n(nc1C(=O)NCc1ccccc1)-c1ccc(F)cc1, 3.8
1135,CC(C)c1c(CC[C@@H](O)C[C@@H](O)CC([O-])=O)n(nc1C(=O)N(C)Cc1cccc(F)c1)-c1ccc(F)cc1, 3.9
1138,CC(C)OC1C[C@@H](C[C@@H](CCn2c(C(C)C)c(C(=O)Nc3ccccc3)c(c2-c2ccc(F)cc2)-c2ccccc2)O1)OCc1ccccc1, 4
1140,CC(C)c1nc(cc(-c2ccc(F)cc2)c1\C=C\[C@@H]1C[C@@H](O)CC(=O)O1)C1CCCCC1, 4
1142,CC(C)c1nc(nc(-c2ccc(F)cc2)c1\C=C\[C@@H](O)C[C@@H](O)CC([O-])=O)N(C)S(C)(=O)=O, 4
1144,CC[C@H](C)C(=O)O[C@H]1C[C@H](C[C@@H]2C=C[C@H](C)[C@H](CC[C@@H]3C[C@@H](O)CC(=O)O3)[C@@H]12)\C=C\C, 4
1145,CC(C)c1nc(nc(-c2ccc(F)cc2)c1\C=C\[C@@H]1C[C@H](CC(OC(C)(C)C)O1)OCc1ccccc1)N(C)S(C)(=O)=O, 4
1146,CC(C)c1c(O)c(-c2ccc(F)cc2)c(C(C)C)c(OC[C@@H](O)C[C@@H](O)CC([O-])=O)c1C(C)C, 4.1
1147,O[C@H](C[C@H](O)\C=C\c1c(nc2ccccc2c1-c1ccc(F)cc1)C1CC1)CC(O)=O, 4.1
1148,Cc1ccc(CNC(=O)c2nc(-c3ccc(F)cc3)n(CC[C@@H](O)C[C@@H](O)CC([O-])=O)c2C2CC2)cc1F, 4.1
1149,CC(C)c1c(CC[C@@H](O)C[C@@H](O)CC(O)=O)n(nc1C(=O)N(C)Cc1cccc(F)c1)-c1ccc(F)cc1, 4.1
1150,CC(C)c1nc(nc(-c2ccc(F)cc2)c1\C=C\[C@@H](O)C[C@@H](O)CC(O)=O)N(c1nnnn1C)S(C)(=O)=O, 4.2
1153,CC(C)c1sc(c(c1\C=C\[C@@H](O)C[C@@H](O)CC([O-])=O)-c1ccc(F)cc1)-c1ccccc1, 4.4
1154,[Na+].O[C@H](C[C@H](O)\C=C\c1c(Cl)cc(Cl)cc1-c1ccc(F)cc1)CC([O-])=O, 4.5
1155,CC(C)c1c(c(c(-c2ccc(F)cc2)n1CC[C@@H](O)C[C@@H](O)CC([O-])=O)-c1ccccc1)S(=O)(=O)N1CCOCC1, 4.5
1156,CC(C)c1c(CC[C@@H](O)C[C@@H](O)CC(O)=O)n(nc1C(=O)NCc1ccccc1)-c1ccc(F)cc1, 4.7
1157,C[C@@H]1C[C@H](OCc2ccc(F)cc2)[C@@H]2[C@@H](CCC3C[C@@H](O)CC(=O)O3)[C@@H](C)C=CC2=C1, 4.7
1158,CCn1c(CC[C@@H](O)C[C@@H](O)CC([O-])=O)c(c(C)c1C(=O)NCc1cnc(C)cn1)-c1ccc(F)cc1, 4.7
1159,CC(C)n1c(CC[C@@H](O)C[C@@H](O)CC([O-])=O)c(-c2ccc(F)cc2)c2c1c(=O)n(Cc1ccc(F)cc1)c1ccccc21, 4.7
1160,CC(C)c1c(nn(c1OC[C@@H](O)C[C@@H](O)CC(O)=O)-c1ccc(F)cc1)C(=O)N1CCC[C@@H](C1)c1ccccc1, 4.8
1162,CC(C)c1nc(C(C)C)c(\C=C\[C@@H]2C[C@@H](O)CC(=O)O2)c(n1)-c1ccc(F)cc1, 4.80
1163,CC(C)n1c(CC[C@@H](O)C[C@@H](O)CC([O-])=O)c(c(c1C#N)-c1ccccn1)-c1ccc(F)cc1, 4.8
1164,CC(C)c1c(CC[C@@H](O)C[C@@H](O)CC([O-])=O)n(nc1C(=O)N(C)Cc1ccccc1F)-c1ccc(F)cc1, 4.8
1165,Cc1ccccc1CNC(=O)c1nc(-c2ccc(F)cc2)n(CC[C@@H](O)C[C@@H](O)CC([O-])=O)c1C1CC1, 4.9
1166,CC(C)c1c(OC[C@@H](O)C[C@@H](O)CC(O)=O)n(nc1C(=O)NCc1cccc(C)c1)-c1ccc(F)cc1, 4.9
1167,CN(C)S(=O)(=O)c1ccc(CNC(=O)c2nc(-c3ccc(F)cc3)n(CC[C@@H](O)C[C@@H](O)CC([O-])=O)c2C2CC2)cc1, 4.9
1168,CC(C)c1c(c(c(-c2ccc(F)cc2)n1CC[C@@H](O)C[C@@H](O)CC([O-])=O)-c1ccc(F)cc1)S(=O)(=O)Nc1ccc(cc1)S(N)(=O)=O, 4.9
1170,O[C@@H]1C[C@H](OC(=O)C1)\C=C\c1c(Cl)cc(Cl)cc1-c1ccc(F)cc1, 5.00
1172,Cc1c(\C=C\[C@@H](O)C[C@@H](O)CC([O-])=O)c(c(C)n1-c1ccccc1)-c1ccc(F)cc1, 5
1174,CC(C)c1c(CC[C@@H](O)C[C@@H](O)CC([O-])=O)c(c(C)n1-c1ccccc1)-c1ccc(F)cc1, 5.00
1175,CC(C)c1nc(cc(-c2ccc(F)cc2)c1\C=C\[C@@H]1C[C@@H](O)CC(=O)O1)-c1ccccc1, 5
1176,CCC(C)(C)C(=O)O[C@H]1C[C@@H](C)[C@@H](OC(=O)NCc2ccccc2)[C@@H]2CC[C@H](C)[C@H](CC[C@@H]3C[C@@H](O)CC(=O)O3)C12, 5
1178,CC(C)c1nc(cc(-c2ccc(F)cc2)c1\C=C\[C@@H]1C[C@@H](O)CC(=O)O1)-c1cc(C)ccc1C, 5.00
1179,CC(C)c1nc(nc(-c2ccc(F)cc2)c1\C=C\[C@@H]1C[C@@H](O)CC(=O)O1)-c1ccccc1, 5
1181,CCC(C)(C)C(=O)O[C@H]1C[C@](C)(C[C@@H]2C=C[C@H](C)[C@H](CC[C@@H]3C[C@@H](O)CC(=O)O3)[C@@H]12)\C=C\C, 5
1182,CC[C@H](C)C(=O)O[C@H]1C[C@H](O)C=C2C=C[C@H](C)[C@H](CCC(O)C[C@H](O)CC([O-])=O)[C@@]12C, 5
1183,COC(=O)C[C@H](O)C[C@H](O)\C=C\n1c(cc(c1-c1ccc(F)cc1)-c1ccncc1)C(C)C, 5
1184,CC[C@H](C)C(=O)O[C@H]1C[C@@H](O)C=C2C=C[C@H](C)[C@H](CCC(O)C[C@@H](O)CC([O-])=O)[C@@H]12, 5
1185,CC(C)c1c(OC[C@@H](O)C[C@@H](O)CC(O)=O)n(nc1C(=O)N(C)Cc1ccccc1)-c1ccc(F)cc1, 5.2
1186,CC(C)n1c(CC[C@@H](O)C[C@@H](O)CC([O-])=O)c(c(c1C(N)=O)-c1ccccn1)-c1ccc(F)cc1, 5.3
1187,CC(C)c1c(OC[C@@H](O)C[C@@H](O)CC(O)=O)n(nc1C(=O)NCc1cccc(Cl)c1)-c1ccc(F)cc1, 5.4
1188,CC(C)CC(=O)O[C@H]1C[C@@H](C)C=C2C=C[C@H](C)[C@H](CC[C@@H]3C[C@@H](O)CC(=O)O3)C12, 5.4
1189,CC(C)c1nc(nc(-c2ccc(F)cc2)c1\C=C\[C@@H](O)C[C@@H](O)CC(O)=O)N(C)S(C)(=O)=O, 5.4
1191,CC(C)c1c(OC[C@@H](O)C[C@@H](O)CC(O)=O)n(nc1C(=O)N(C)Cc1ccc(F)c(F)c1)-c1ccc(F)cc1, 5.7
1192,CC(C)c1nc(c(-c2ccc(F)cc2)n1\C=C\[C@H](O)C[C@@H](O)CC([O-])=O)-c1ccc(F)cc1, 5.7
1193,CC(C)c1c(c(c(-c2ccc(F)cc2)n1CC[C@@H](O)C[C@@H](O)CC([O-])=O)-c1ccc(F)cc1)S(=O)(=O)Nc1ccc(cc1)C(N)=O, 5.8
1194,CC(C)c1c(CC[C@@H](O)C[C@@H](O)CC([O-])=O)n(nc1C(=O)N(C)Cc1ccccc1)-c1ccc(F)cc1, 5.9
1195,CCC(C)(C)C(=O)O[C@H]1C[C@@H](C)[C@@H](OP(=O)(c2ccccc2)c2ccccc2)[C@@H]2CC[C@H](C)[C@H](CC[C@@H]3C[C@@H](O)CC(=O)O3)C12, 6
1196,CC(C)c1c(CCC(O)C[C@@H](O)CC([O-])=O)c(cn1-c1ccccc1)-c1ccc(F)cc1, 6
1197,CC(C)c1cc(Sc2ccc(F)cc2)cc(-c2ccc(F)cc2)c1OCC(O)C[C@@H](O)CC([O-])=O, 6
1199,CCC(C)(C)C(=O)O[C@H]1C[C@@H](C)[C@@H](OCCc2ccccc2)[C@@H]2CC[C@H](C)[C@H](CC[C@@H]3C[C@@H](O)CC(=O)O3)C12, 6
1200,CC(C)c1c(\C=C\[C@@H](O)C[C@@H](O)CC([O-])=O)c(c(C)n1-c1ccccc1)-c1ccc(F)cc1, 6
1201,CCC(C)(C)C(=O)O[C@H]1C[C@](C)(CSc2ccccc2)O[C@@H]2CC[C@H](C)[C@H](CC[C@@H]3C[C@@H](O)CC(=O)O3)C12, 6
1202,Cc1cc(ccc1F)-c1cc(Cl)cc(C)c1\C=C\[C@@H]1C[C@@H](O)CC(=O)O1, 6
1203,CC(C)n1cc(c(\C=C\[C@@H](O)C[C@@H](O)CC([O-])=O)c1C)-c1ccc(F)cc1, 6
1204,CC(C)c1c(c(c(-c2ccc(F)cc2)n1CC[C@@H](O)C[C@@H](O)CC([O-])=O)-c1ccc(F)cc1)S(=O)(=O)N(C)C, 6.1
1205,CC(C)c1c(CC[C@@H](O)C[C@@H](O)CC([O-])=O)n(nc1C(=O)N1CCCCC1c1ccccc1)-c1ccc(F)cc1, 6.1
1206,CC(C)c1c(CC[C@@H](O)C[C@@H](O)CC([O-])=O)n(nc1C(=O)N(C)Cc1cccc(C)c1)-c1ccc(F)cc1, 6.1
1207,CC(C)c1nc(c(-c2ccc(F)cc2)n1\C=C\[C@H](O)C[C@H](O)CC([O-])=O)-c1ccc(F)cc1, 6.15
1208,CC(C)c1c(CC[C@@H](O)C[C@@H](O)CC(O)=O)n(nc1C(=O)N(C)Cc1ccccc1)-c1ccc(F)cc1, 6.2
1210,CC(C)c1c(nn(c1OC[C@@H](O)C[C@@H](O)CC(O)=O)-c1ccc(F)cc1)C(=O)N(C)CC1CCCCC1, 6.2
1211,COc1ccc(cc1)-c1sc(C(C)C)c(\C=C\[C@@H](O)C[C@@H](O)CC([O-])=O)c1-c1ccc(F)cc1, 6.3
1212,CC(C)c1c(c(c(-c2ccc(F)cc2)n1CC[C@@H](O)C[C@@H](O)CC([O-])=O)-c1ccccc1)S(=O)(=O)N(C)C, 6.5
1213,CC(C)c1c(CC[C@@H](O)C[C@@H](O)CC([O-])=O)n(nc1C(=O)N(C)Cc1ccc(F)cc1)-c1ccc(F)cc1, 6.6
1215,COc1cccc(NC(=O)c2c(c(c(CC[C@@H](O)C[C@@H](O)CC([O-])=O)n2C(C)C)-c2ccc(F)cc2)-c2ccc(F)cc2)c1, 6.6
1216,CCC(C)(C)C(=O)O[C@H]1C[C@@](C)(CSc2ccccc2)O[C@@H]2CC[C@H](C)[C@H](CC[C@@H]3C[C@@H](O)CC(=O)O3)C12, 6.6
1217,CC(C)c1c(OC[C@@H](O)C[C@@H](O)CC(O)=O)n(nc1C(=O)NCc1ccc(Cl)cc1)-c1ccc(F)cc1, 6.7
1218,CC(C)c1nc(Nc2nsc(n2)-c2ccccc2)nc(-c2ccc(F)cc2)c1\C=C\[C@@H](O)C[C@@H](O)CC(O)=O, 6.9
1220,CC(C)c1c(CC[C@@H](O)C[C@@H](O)CC([O-])=O)n(nc1C(=O)N(C)Cc1ccc(F)cc1F)-c1ccc(F)cc1, 7.0
1221,COCc1cccc(CNC(=O)c2nn(c(CC[C@@H](O)C[C@@H](O)CC([O-])=O)c2C(C)C)-c2ccc(F)cc2)c1, 7.0
1222,CC(C)c1c(C(=O)Nc2ccccc2)c(c(-c2ccc(F)cc2)n1CC[C@@H](O)C[C@@H](O)CC([O-])=O)-c1ccccc1, 7
1223,CC(C)c1nc(nc(-c2ccc(F)cc2)c1\C=C\[C@@H](O)C[C@@H](O)CC(O)=O)N(C)c1ccon1, 7.0
1224,CC(C)c1c(\C=C\[C@@H](O)C[C@@H](O)CC([O-])=O)c(cn1-c1ccccc1)-c1ccc(F)cc1, 7
1225,CC(C)c1c(C(=O)Nc2ccccc2)c(c(-c2ccc(F)cc2)n1CC[C@@H]1C[C@@H](O)CC(=O)O1)-c1ccccc1, 7.00
1230,COc1ccccc1CNC(=O)c1nc(-c2ccc(F)cc2)n(CC[C@@H](O)C[C@@H](O)CC([O-])=O)c1C1CC1, 7
1231,CC[C@H](C)C(=O)O[C@H]1C[C@H](C[C@@H]2C=C[C@H](C)[C@H](CC[C@@H]3C[C@@H](O)CC(=O)O3)[C@@H]12)\C=C\Cc1ccccc1, 7
1233,CCc1cc(cc(CC)c1F)-c1c(nc(C(C)C)n1\C=C\[C@@H](O)C[C@@H](O)CC([O-])=O)-c1ccc(F)cc1, 7
1234,[Na+].CC(C)c1nn(c(c1\C=C\[C@@H](O)C[C@@H](O)CC([O-])=O)-c1ccc(F)cc1)-c1cnccn1, 7.00
1235,CC(C)c1cc(c(-c2cccc(Cl)c2)n1\C=C\[C@@H](O)C[C@@H](O)CC([O-])=O)-c1ccc(F)cc1, 7.15
1236,CC(C)c1cc(c(-c2cccc(Br)c2)n1\C=C\[C@@H](O)C[C@@H](O)CC([O-])=O)-c1ccc(F)cc1, 7.160
1237,[Na+].CC(C)c1nn(c(c1\C=C\[C@@H](O)C[C@@H](O)CC([O-])=O)-c1ccc(F)cc1)-c1ccccc1, 7.2
1238,NC(=O)c1ccc(CNC(=O)c2nc(-c3ccc(F)cc3)n(CC[C@@H](O)C[C@@H](O)CC([O-])=O)c2C2CC2)cc1, 7.2
1239,Cc1cccc(CNC(=O)c2nc(-c3ccc(F)cc3)n(CC[C@@H](O)C[C@@H](O)CC([O-])=O)c2C2CC2)c1, 7.2
1240,CC(C)c1nc(c(-c2cc(C)cc(C)c2)n1\C=C\[C@@H](O)C[C@@H](O)CC([O-])=O)-c1ccc(F)cc1, 7.25
1241,CC(C)c1c(CC[C@@H](O)C[C@@H](O)CC([O-])=O)n(nc1C(=O)N1CCCC1c1ccccc1)-c1ccc(F)cc1, 7.3
1242,[Na+].CC(C)c1c(C(=O)Nc2ccccc2)c(c(-c2ccc(F)cc2)n1CC[C@@H](O)C[C@@H](O)CC([O-])=O)-c1ccccc1, 7.5
1243,CC(C)c1nc(c(-c2cc(C)c(F)c(C)c2)n1\C=C\[C@@H](O)C[C@@H](O)CC([O-])=O)-c1ccc(F)cc1, 7.52
1245,CC(C)c1cc(c(-c2ccccc2)n1\C=C\[C@@H](O)C[C@@H](O)CC([O-])=O)-c1ccc(F)cc1, 7.6
1246,CCC(C)(C)C(=O)O[C@H]1[C@H]([C@H](C)O)[C@@H](C)C=C2C=C[C@H](C)[C@H](CC[C@@H]3C[C@@H](O)CC(=O)O3)C12, 7.6
1247,CC(C)c1nc(c(-c2cc(Cl)cc(Cl)c2)n1\C=C\[C@@H](O)C[C@@H](O)CC([O-])=O)-c1ccc(F)cc1, 7.660
1248,[Na+].CC(C)c1nc(C)cc(-c2ccc(F)cc2)c1\C=C\[C@@H](O)C[C@@H](O)CC([O-])=O, 7.7
1249,CC(C)C(=O)O[C@H]1C[C@@H](C)C=C2C=C[C@H](C)[C@H](CC[C@@H]3C[C@@H](O)CC(=O)O3)C12, 7.7
1251,CC(C)c1c(nc(-c2ccc(F)cc2)n1CC[C@@H](O)C[C@@H](O)CC([O-])=O)C(=O)NCc1ccccc1, 7.9
1252,CC(C)c1c(c(c(-c2ccc(F)cc2)n1CC[C@@H](O)C[C@@H](O)CC([O-])=O)-c1ccc(F)cc1)S(=O)(=O)N(C)Cc1ccccc1, 8
1254,CCCOC1C[C@@H](C[C@H](O1)\C=C\c1c(nc(nc1-c1ccc(F)cc1)N(C)S(C)(=O)=O)C(C)C)OC(=O)c1cccnc1, 8
1257,CC(C)c1nc(cc(-c2ccc(F)cc2)c1\C=C\[C@@H]1C[C@@H](O)CC(=O)O1)-c1cc(C)cc(C)c1, 8
1258,Cc1cc(C)c(\C=C\[C@@H]2C[C@@H](O)CC(=O)O2)c(c1)-c1ccc(Cl)c(Cl)c1, 8
1260,CCC\C(C)=C\[C@@H]1C[C@H](OC(=O)C(C)(C)CC)[C@H]2[C@H](C1)C=C[C@H](C)[C@@H]2CC[C@@H]1C[C@@H](O)CC(=O)O1, 8
1263,CC(C)c1nc(c(-c2cccc(Cl)c2)n1\C=C\[C@@H](O)C[C@@H](O)CC([O-])=O)-c1ccc(F)cc1, 8.1
1264,CC(C)(C)c1nc(c(-c2ccc(F)cc2)n1\C=C\[C@@H](O)C[C@@H](O)CC([O-])=O)-c1ccc(F)cc1, 8.15
1265,CC(C)c1cc(c(-c2ccc(F)cc2)n1\C=C\[C@@H](O)C[C@@H](O)CC([O-])=O)-c1ccncc1, 8.30
1266,CC(C)c1c(OC[C@@H](O)C[C@@H](O)CC(O)=O)n(nc1C(=O)N(C)Cc1cccc(Cl)c1)-c1ccc(F)cc1, 8.3
1267,CC(C)c1nc(c(-c2ccc(F)cc2C)n1\C=C\[C@@H](O)C[C@@H](O)CC([O-])=O)-c1ccc(F)cc1, 8.4
1268,CC(C)c1c(c(c(-c2ccc(F)cc2)n1CC[C@@H](O)C[C@@H](O)CC([O-])=O)-c1ccc(F)cc1)S(=O)(=O)N1CCc2ccccc2C1, 8.4
1269,CC(C)c1c(c(c(-c2ccc(F)cc2)n1CC[C@@H](O)C[C@@H](O)CC([O-])=O)-c1ccccc1)S(=O)(=O)N(C)Cc1ccccc1, 8.5
1270,CNc1cccc(c1)-c1nc(C(C)C)n(\C=C\[C@@H](O)C[C@@H](O)CC([O-])=O)c1-c1ccc(F)cc1, 8.52
1271,CC(C)c1cc(c(-c2ccc(F)cc2)n1\C=C\[C@@H](O)C[C@@H](O)CC([O-])=O)-c1ccccc1, 8.70
1272,CC(C)c1nc(c(-c2ccc(F)cc2)n1\C=C\[C@@H](O)C[C@@H](O)CC([O-])=O)-c1cc(C)c(Cl)c(C)c1, 8.70
1273,CCCCC(=O)O[C@H]1C[C@@H](C)C=C2C=C[C@H](C)[C@H](CC[C@@H]3C[C@@H](O)CC(=O)O3)C12, 8.7
1274,CC(C)c1cc(c(-c2ccc(F)cc2)n1\C=C\[C@@H](O)C[C@@H](O)CC([O-])=O)-c1ccccn1, 8.70
1275,CC(C)c1cc(c(-c2ccc(F)cc2)n1\C=C\[C@@H](O)C[C@@H](O)CC([O-])=O)-c1cccc(Cl)c1, 8.70
1276,CC(C)c1c(OC[C@@H](O)C[C@@H](O)CC(O)=O)n(nc1C(=O)N(C)Cc1ccccc1F)-c1ccc(F)cc1, 8.7
1277,CC(C)c1nc(c(-c2ccc(F)cc2)n1\C=C\[C@@H](O)C[C@@H](O)CC([O-])=O)-c1cccc(c1)S(C)(=O)=O, 8.70
1279,CC(C)c1cc(c(-c2ccc(F)cc2)n1\C=C\[C@@H](O)C[C@@H](O)CC([O-])=O)-c1ccc(F)cc1, 8.70
1280,CNC(=O)c1c(c(c(CC[C@@H](O)C[C@@H](O)CC([O-])=O)n1C(C)C)-c1ccc(F)cc1)-c1ccccc1, 8.8
1281,[Na+].CC(C)n1c(\C=C\[C@@H](O)C(F)(F)[C@@H](O)CC([O-])=O)c(-c2ccc(F)cc2)c2ccccc12, 8.9
1283,CC(C)c1c(CC[C@@H](O)C[C@@H](O)CC([O-])=O)c(cn1C1CCCCC1)-c1ccc(F)cc1, 9
1284,CC(C)c1c(nc(-c2ccc(F)cc2)n1\C=C\[C@@H](O)C[C@@H](O)CC([O-])=O)-c1ccc(F)cc1, 9
1285,CC(C)c1nc(c(-c2ccc(F)cc2)n1\C=C\[C@@H](O)C[C@@H](O)CC(O)=O)-c1ccc(F)cc1, 9
1286,CC(C)c1c(c(c(-c2ccc(F)cc2)n1CC[C@@H](O)C[C@@H](O)CC([O-])=O)-c1ccccc1)S(=O)(=O)Nc1ccccc1, 9
1287,CN(C)c1nc(c(-c2ccc(F)cc2)n1\C=C\[C@@H](O)C[C@@H](O)CC([O-])=O)-c1ccc(F)cc1, 9
1288,CC(C)c1c(CC[C@@H](O)C[C@@H](O)CC([O-])=O)n(nc1C(=O)N(C)Cc1cccc(F)c1F)-c1ccc(F)cc1, 9.0
1289,O[C@H](C[C@H](O)\C=C\c1c2CCCC(Cc3ccc4ccccc4c3)c2nn1-c1ccc(F)cc1)CC([O-])=O, 9
1290,CC(C)c1nc(C)cc(-c2ccc(F)cc2)c1\C=C\[C@@H]1C[C@@H](O)CC(=O)O1, 9
1291,CC(C)c1nc(c(-c2ccc(F)cc2)n1\C=C\[C@@H](O)C[C@@H](O)CC([O-])=O)-c1cccnc1, 9
1292,CC[C@H](C)C(=O)O[C@H]1C[C@@H](C)C=C2C=C[C@H](C)[C@H](CC[C@@H]3C[C@@H]([O-])CC(=O)O3)C12, 9.2
1294,CC(C)c1cc(c(-c2ccc(F)cc2)n1\C=C\[C@@H](O)C[C@@H](O)CC([O-])=O)-c1cccc(Br)c1, 9.30
1295,[Na+].CC(C)c1c(\C=C\[C@@H](O)C[C@@H](O)CC([O-])=O)c(cc(C)[n+]1[O-])-c1ccc(F)cc1, 9.4
1296,CC(C)c1c(c(c(-c2ccc(F)cc2)n1CC[C@@H](O)C[C@@H](O)CC([O-])=O)-c1ccc(F)cc1)S(=O)(=O)Nc1cccc(O)c1, 9.4
1297,CC(C)c1c(OC[C@@H](O)C[C@@H](O)CC(O)=O)n(nc1C(=O)NCc1ccccc1Cl)-c1ccc(F)cc1, 9.5
1298,CC(C)c1c(Br)c(c(-c2ccc(F)cc2)n1\C=C\[C@@H](O)C[C@@H](O)CC([O-])=O)-c1ccc(F)cc1, 9.52
1299,CC(C)n1c(CC[C@@H](O)C[C@@H](O)CC([O-])=O)c(c-2c1C(=O)N(Cc1ccccc-21)c1ccccc1)-c1ccc(F)cc1, 9.6
1300,CC(C)c1sc(c(c1\C=C\[C@@H](O)C[C@@H](O)CC([O-])=O)-c1ccc(F)cc1)-c1ccc(C)cc1, 9.7
1301,CC(C)c1c(c(c(-c2ccc(F)cc2)n1CC[C@@H](O)C[C@@H](O)CC([O-])=O)-c1ccc(F)cc1)S(=O)(=O)N1CCSCC1, 9.7
1303,CC(C)N(Cc1ccccc1)C(=O)c1nn(c(CC[C@@H](O)C[C@@H](O)CC([O-])=O)c1C(C)C)-c1ccc(F)cc1, 9.8
1304,CC(C)c1c(CC[C@@H](O)C[C@@H](O)CC([O-])=O)n(nc1C(=O)N(C)Cc1ccc(C)cc1)-c1ccc(F)cc1, 9.9
1305,COCc1c(nc(C(C)C)c(\C=C\[C@@H](O)C[C@@H](O)CC(O)=O)c1-c1ccc(F)cc1)C(C)C, 10
1306,CC(C)c1cc(SC(C)(C)Sc2cc(C(C)C)c(OC[C@H](O)C[C@@H](O)CC([O-])=O)c(c2)-c2ccc(F)cc2)cc(-c2ccc(F)cc2)c1OC[C@H](O)C[C@@H](O)CC([O-])=O, 10
1307,Cc1cc(C)c(\C=C\[C@@H]2C[C@@H](O)CC(=O)O2)c(c1)-c1ccc(F)c(C)c1, 10
1308,Cc1cc(C)c(\C=C\[C@@H]2C[C@@H](O)CC(=O)O2)c(c1)-c1cc(C)c(F)c(C)c1, 10
1309,CC[C@H](C)C(=O)O[C@H]1CCC=C2C=C[C@H](C)[C@H](CC[C@@H]3C[C@@H](O)CC(=O)O3)[C@@H]12, 10
1312,[Na+].CC(C)c1nn(c(c1\C=C\[C@@H](O)C[C@@H](O)CC([O-])=O)-c1ccc(F)cc1)-c1ccccn1, 10
1313,CCCOC1C[C@H](O)C[C@H](O1)\C=C\c1c(nc(nc1-c1ccc(F)cc1)N(C)S(C)(=O)=O)C(C)C, 10
1314,CC(C)c1c(OC[C@@H](O)C[C@@H](O)CC(O)=O)n(nc1C(=O)N1CCc2ccccc2C1)-c1ccc(F)cc1, 10
1315,CC(C)c1cc(nc(-c2ccc(F)cc2)c1\C=C\[C@@H]1C[C@@H](O)CC(=O)O1)-c1ccccc1, 10.00
1317,CC[C@H](C)C(=O)O[C@H]1C[C@@H](C)C=C2C=C[C@H](C)[C@H](CCC3C[C@@H](O)CC(=O)O3)[C@@H]12, 11
1318,CCC(C)(C)C(=O)O[C@H]1[C@H](CO)[C@@H](C)C=C2C=C[C@H](C)[C@H](CC[C@@H]3C[C@@H](O)CC(=O)O3)C12, 11
1319,CCC(C)(C)C(=O)O[C@H]1C[C@@H](C)C=C2C=C[C@H](C)[C@H](CC[C@@H]3C[C@@H](O)CC(=O)O3)[C@@H]12, 11.2
1322,CC(C)n1c(CC[C@@H](O)C[C@@H](O)CC([O-])=O)c(-c2ccc(F)cc2)c2c1c(=O)[nH]c1ccccc21, 11.7
1324,CC(C)c1c(C(=O)Nc2ccccc2)c(c(-c2ccc(F)cc2)n1CC[C@@H](O)C[C@@H](O)CC(=O)NO)-c1ccccc1, 12
1325,CCNC(=O)c1c(c(c(CC[C@@H](O)C[C@@H](O)CC([O-])=O)n1C(C)C)-c1ccc(F)cc1)-c1ccccc1, 12
1326,CCC(C)(C)C(=O)O[C@H]1C[C@@H](C)C=C2C=C[C@H](C)[C@H](CC[C@@H](O)C[C@@H](O)CC([O-])=O)[C@@H]12, 12
1327,CC(C)n1c(CC[C@@H](O)C[C@@H](O)CC([O-])=O)c(c(c1C(=O)Nc1ccccc1)-c1ccccc1)-c1ccc(F)cc1, 12
1328,COc1ccc(CNC(=O)c2nn(c(OC[C@@H](O)C[C@@H](O)CC(O)=O)c2C(C)C)-c2ccc(F)cc2)cc1, 12
1329,CCC(C)(C)C(=O)O[C@H]1C[C@@H](C)C=C2C=C[C@H](C)[C@H](CC[C@@H]3C[C@@H](O)CC(=O)O3)C12, 12
1330,COc1ccc(CN(C)C(=O)c2nn(c(CC[C@@H](O)C[C@@H](O)CC([O-])=O)c2C(C)C)-c2ccc(F)cc2)cc1, 12
1331,CC(C)c1nc(Nc2cc(nn2C)C(C)(C)C)nc(-c2ccc(F)cc2)c1\C=C\[C@@H](O)C[C@@H](O)CC(O)=O, 12.4
1332,CC(C)n1c(CC[C@@H](O)C[C@@H](O)CC([O-])=O)c(c(c1C(=O)Nc1ccccc1)-c1ccc(F)cc1)-c1ccc(F)cc1, 12.4
1333,CC[C@H](C)C(=O)O[C@H]1C[C@H](C)C=C2C=C[C@H](C)[C@H](CC[C@@H]3C[C@@H](O)CC(=O)O3)[C@@H]12, 13
1334,CC[C@H](C)C(=O)O[C@H]1C[C@H](O)C=C2C=C[C@H](C)[C@H](CC[C@@H](O)C[C@@H](O)CC(O)=O)[C@@H]12, 13
1335,CC(C)c1c(C(=O)Nc2ccccc2)c(c(-c2ccc(F)cc2)n1CC[C@@H](O)C[C@@H](O)CC(O)=O)-c1ccccc1, 13
1336,CC(C)c1c(c(c(-c2ccc(F)cc2)n1CC[C@@H](O)C[C@@H](O)CC([O-])=O)-c1ccc(F)cc1)S(=O)(=O)NCc1ccccc1, 13
1337,CCC(C)(C)C(=O)O[C@H]1C[C@@H](C)C=C2C=C[C@H](C)[C@H](CC[C@@H](O)C[C@@H](O)CC(=O)NO)[C@@H]12, 13
1338,Cc1cc(Cl)c(\C=C\[C@@H]2C[C@@H](O)CC(=O)O2)c(c1)-c1ccc(F)c(C)c1, 13
1339,Cc1ccc(C)c(-c2ccc(Cl)c(Cl)c2)c1\C=C\[C@@H]1C[C@@H](O)CC(=O)O1, 13
1340,Cc1cc(C)cc(c1)-c1cc(Cl)cc(Cl)c1\C=C\[C@@H]1C[C@@H](O)CC(=O)O1, 13
1341,CC[C@H](C)C(=O)O[C@H]1C[C@@H](C)C=C2C=C[C@H](C)[C@H](CC[C@@H](O)C[C@@H](O)CC([O-])=O)[C@@H]12, 13
1342,O[C@H](C[C@H](O)\C=C\n1c(nc(c1-c1ccc(F)cc1)-c1ccc(F)cc1)C(F)(F)F)CC([O-])=O, 13
1343,CCC(C)(C)C(=O)O[C@H]1C[C@@H](C)CC2CC[C@H](C)[C@H](CC[C@@H]3C[C@@H](O)CC(=O)O3)C12, 13
1345,CC[C@H](C)C(=O)O[C@H]1CCC=C2C=C[C@H](C)[C@H](CCC(O)C[C@@H](O)CC(O)=O)C12, 13
1346,Cc1cc(C)c(\C=C\[C@@H]2C[C@@H](O)CC(=O)O2)c(c1)-c1ccc(F)cc1, 13
1347,CCC(C)(C)C(=O)O[C@H]1[C@@H](O)[C@@H](C)C=C2C=C[C@H](C)[C@H](CC[C@@H]3C[C@@H](O)CC(=O)O3)C12, 13
1348,CC(C)n1c(CC[C@@H](O)C[C@@H](O)CC([O-])=O)c(-c2ccc(F)cc2)c2c1c(=O)n(Cc1ccccc1)c1ccccc21, 13.9
1349,CC(C)(C)c1ccc(CC2CCCc3c2nn(c3\C=C\[C@@H](O)C[C@@H](O)CC([O-])=O)-c2ccc(F)cc2)cc1, 14
1350,CC[C@H](C)C(=O)O[C@H]1C[C@H](O)C[C@@H]2C=C[C@H](C)[C@H](CC[C@H](O)C[C@H](O)CC([O-])=O)[C@@H]12, 14
1351,CC(C)c1c(OC[C@@H](O)C[C@@H](O)CC(O)=O)n(nc1C(=O)N(C)Cc1cccc(F)c1)-c1ccc(F)cc1, 14
1352,CC(C)c1c(nn(c1OC[C@@H](O)C[C@@H](O)CC(O)=O)-c1ccc(F)cc1)C(=O)N1CCCC1c1ccccc1, 14
1353,CC(C)c1c(OC[C@@H](O)C[C@@H](O)CC(O)=O)n(nc1C(=O)N(C)Cc1cccc(F)c1F)-c1ccc(F)cc1, 14
1354,CCN(Cc1ccccc1)C(=O)c1nn(c(OC[C@@H](O)C[C@@H](O)CC(O)=O)c1C(C)C)-c1ccc(F)cc1, 14
1355,CC(C)c1c(c(c(-c2ccc(F)cc2)n1CC[C@@H](O)C[C@@H](O)CC([O-])=O)-c1ccc(F)cc1)S(=O)(=O)Nc1ccc(F)cc1, 15
1356,CC\C=C\[C@@H]1C[C@H](OC(=O)C(C)(C)CC)[C@H]2[C@H](C1)C=C[C@H](C)[C@@H]2CC[C@@H]1C[C@@H](O)CC(=O)O1, 15
1357,CCCC(C)(C)C(=O)O[C@H]1C[C@H](C[C@@H]2C=C[C@H](C)[C@H](CC[C@@H]3C[C@@H](O)CC(=O)O3)[C@@H]12)\C=C/C, 15
1358,CC(C)c1sc(C=C(C)C)c(c1\C=C\[C@@H](O)C[C@@H](O)CC([O-])=O)-c1ccc(F)cc1, 15
1359,CC(C)c1c(OC[C@@H](O)C[C@@H](O)CC(O)=O)n(nc1C(=O)NCc1ccc(C)cc1)-c1ccc(F)cc1, 15
1361,Cc1cc(C)cc(c1)-c1cc(C)cc(C)c1\C=C\[C@@H]1C[C@@H](O)CC(=O)O1, 15
1362,CC(C)c1c(OC[C@@H](O)C[C@@H](O)CC(O)=O)n(nc1C(=O)NCCc1ccccc1)-c1ccc(F)cc1, 15
1363,CC(C)NC(=O)c1c(c(c(CC[C@@H](O)C[C@@H](O)CC([O-])=O)n1C(C)C)-c1ccc(F)cc1)-c1ccccc1, 15
1364,CCC(C)(C)C(=O)O[C@H]1C[C@@H](C)[C@@H](OC(=O)N(Cc2ccccc2)Cc2ccccc2)[C@@H]2CC[C@H](C)[C@H](CC[C@@H]3C[C@@H](O)CC(=O)O3)C12, 16
1365,COc1cccc(CNC(=O)c2nn(c(OC[C@@H](O)C[C@@H](O)CC(O)=O)c2C(C)C)-c2ccc(F)cc2)c1, 16
1366,CC(C)c1c(CC[C@@H](O)C[C@@H](O)CC([O-])=O)n(nc1C(=O)N(C)Cc1ccccc1C)-c1ccc(F)cc1, 16
1367,Cc1cccc(c1)-c1cc(Cl)cc(Cl)c1\C=C\[C@@H]1C[C@@H](O)CC(=O)O1, 16
1368,CCOc1cccc(CN(C)C(=O)c2nn(c(OC[C@@H](O)C[C@@H](O)CC(O)=O)c2C(C)C)-c2ccc(F)cc2)c1, 16
1369,CC(C)n1c(CC[C@@H](O)C[C@@H](O)CC([O-])=O)c(-c2ccc(F)cc2)c2c1c(=O)n(-c1ccc(F)cc1)c1ccccc21, 16.4
1370,CC(C)n1c(CC[C@@H](O)C[C@@H](O)CC([O-])=O)c(-c2ccc(F)cc2)c2c1c(=O)n(-c1ccccc1)c1ccccc21, 16.7
1371,CCC(C)C(=O)OC1C[C@@H](C)C=C2C=C[C@H](C)[C@H](CC[C@@H](O)C[C@@H](O)CC(=O)NO)[C@@H]12, 16.8
1372,CC[C@H](C)C(=O)O[C@H]1C[C@@H](C)C=C2C=C[C@H](C)[C@H](CC[C@@H](O)C[C@@H](O)CC(=O)NO)[C@@H]12, 17
1373,CC(C)c1cc(cc(-c2ccc(F)cc2)c1OCC(O)C[C@@H](O)CC([O-])=O)-c1ccc(F)cc1, 17
1374,CC(C)c1c(OC[C@@H](O)C[C@@H](O)CC(O)=O)n(nc1C(=O)NCc1ccccc1C)-c1ccc(F)cc1, 17
1375,O[C@H](CCn1c(nc(c1-c1ccc(F)cc1)-c1cccc(Cl)c1)C(F)(F)F)C[C@@H](O)CC([O-])=O, 17
1376,CC(C)c1c(nn(c1OC[C@@H](O)C[C@@H](O)CC(O)=O)-c1ccc(F)cc1)C(=O)NCC1CCCCC1, 17
1377,[Na+].O[C@H](C[C@H](O)\C=C\c1c(nn(c1-c1ccc(F)cc1)-c1ccccn1)C(F)(F)F)CC([O-])=O, 17
1379,CC(C)c1c(c(c(-c2ccc(F)cc2)n1CC[C@@H](O)C[C@@H](O)CC([O-])=O)-c1ccc(F)cc1)S(=O)(=O)Nc1cccc(c1)C(N)=O, 18
1380,CC(C)(C)c1nc(cc(-c2ccc(F)cc2)c1\C=C\[C@@H]1C[C@@H](O)CC(=O)O1)-c1ccccc1, 18
1381,CC[C@H](C)C(=O)O[C@H]1C[C@@H](C)C=C2C=C[C@H](C)[C@H](CC[C@@H]3C[C@@H](O)CC(=O)O3)C12, 18
1383,CC(C)c1c(CC[C@@H](O)C[C@@H](O)CC([O-])=O)c(cn1C(C)C)-c1ccc(F)cc1, 18.0
1384,CC(C)c1c(OC[C@@H](O)C[C@@H](O)CC(O)=O)n(nc1C(=O)N(C)Cc1ccc(F)cc1)-c1ccc(F)cc1, 18
1385,CCC(C)(C)C(=O)O[C@H]1C[C@@H](C)C=C2C=C[C@H](C)[C@H](CC[C@@H](O)C[C@@H](O)CC(O)=O)[C@@H]12, 18
1386,CC(C)c1nc2ccccc2c(-c2ccc(F)cc2)c1\C=C\[C@@H](O)C[C@@H](O)CC(O)=O, 19
1388,CC(C)c1nc(cc(-c2ccc(F)cc2)c1CCC1C[C@@H](O)CC(=O)O1)-c1ccccc1, 19
1389,C[C@@H]1C[C@H](OC(=O)Cc2ccccc2)[C@@H]2[C@@H](CC[C@@H]3C[C@@H](O)CC(=O)O3)[C@@H](C)C=CC2=C1, 19
1390,CC(C)c1c(O)c(C(C)C)c(-c2ccc(F)cc2)c(OCC(O)C[C@@H](O)CC([O-])=O)c1C(C)C, 20
1391,CC[C@H](C)C(=O)O[C@H]1C[C@@H](C)C=C2C=C[C@H](C)[C@H](CCC(O)C[C@@H](O)CC([O-])=O)[C@@H]12, 20
1392,CC[C@H](C)C(=O)O[C@H]1C[C@@H](C)C=C2C=C[C@H](C)[C@H](CC[C@@H]3C[C@@H](O)CC(=O)O3)[C@@H]12, 20
1393,O[C@H](C[C@H](O)\C=C\C(=C(c1ccc(F)cc1)c1ccc(F)cc1)n1cnnn1)CC([O-])=O, 20
1394,CCC(C)(C)C(=O)O[C@H]1[C@H]([C@@H](O)c2ccccc2)[C@@H](C)C=C2C=C[C@H](C)[C@H](CC[C@@H]3C[C@@H](O)CC(=O)O3)C12, 20
1395,CCC\C(C)=C\[C@@H]1C[C@H](OC(=O)[C@@H](C)CC)[C@H]2[C@H](C1)C=C[C@H](C)[C@@H]2CC[C@@H]1C[C@@H](O)CC(=O)O1, 20
1396,CC(C)n1c(CC[C@@H](O)C[C@@H](O)CC([O-])=O)c(c(c1C(=O)N(C)C)-c1ccccc1)-c1ccc(F)cc1, 20
1397,COc1cccc(c1)-c1nc(n(CC[C@@H](O)C[C@@H](O)CC([O-])=O)c1-c1ccc(F)cc1)C(F)(F)F, 20
1398,CC(C)c1nc(cc(-c2ccc(F)cc2)c1\C=C\[C@@H]1C[C@@H](O)CC(=O)O1)C(C)(C)C, 20
1399,CCC(C)(C)C(=O)O[C@H]1C[C@H](C[C@@H]2C=C[C@H](C)[C@H](CC[C@@H]3C[C@@H](O)CC(=O)O3)[C@@H]12)\C=C\Cc1ccccc1, 20
1401,Cn1nnnc1C(\C=C\[C@@H](O)C[C@@H](O)CC([O-])=O)=C(c1ccc(F)cc1)c1ccc(F)cc1, 21
1402,COc1cccc(CN(C)C(=O)c2nn(c(OC[C@@H](O)C[C@@H](O)CC(O)=O)c2C(C)C)-c2ccc(F)cc2)c1, 21
1403,CC(C)c1c(OC[C@@H](O)C[C@@H](O)CC(O)=O)n(nc1C(=O)N(C)[C@H](C)c1ccccc1)-c1ccc(F)cc1, 21
1404,CCNC(=O)c1c(c(c(CC[C@@H](O)C[C@@H](O)CC([O-])=O)n1C(C)C)-c1ccc(F)cc1)-c1ccccn1, 21
1405,CC(C)c1sc(c(c1\C=C\[C@@H](O)C[C@@H](O)CC([O-])=O)-c1ccc(F)cc1)-c1ccc(Cl)cc1, 21
1406,Cc1cc(C)c(CCC2C[C@@H](O)CC(=O)O2)c(c1)-c1ccc(F)c(C)c1, 22
